CREATE TABLE IF NOT EXISTS DoorPanels (
    `PanelID` NUMERIC(2, 1),
    `NumPanels` NUMERIC(2, 1)
);
INSERT INTO DoorPanels VALUES
    (1.0,1.0),
    (2.0,2.0),
    (3.0,3.0),
    (4.0,4.0),
    (5.0,5.0),
    (6.0,6.0),
    (7.0,9.0),
    (8.0,0.0),
    (9.0,8.0);

CREATE TABLE IF NOT EXISTS Doors (
    `DoorID` VARCHAR(24) CHARACTER SET utf8,
    `Description` VARCHAR(35) CHARACTER SET utf8,
    `LightsID` NUMERIC(2, 1),
    `TypeID` NUMERIC(3, 1),
    `PanelID` NUMERIC(2, 1),
    `Height` NUMERIC(3, 1),
    `Width` NUMERIC(4, 1),
    `Thickness` NUMERIC(2, 1),
    `InteriorExteriorID` INT,
    `FilterTag` INT
);
INSERT INTO Doors VALUES
    ('10LPIN688110','1''10x6''8x1 3/8 10 LITE RADIATA SGM',1.0,19.0,8.0,68.0,110.0,8.0,NULL,NULL),
    ('10LPIN688200','2''0x6''8x1 3/8 10 LITE RADIATA SGM',1.0,19.0,8.0,68.0,200.0,8.0,NULL,NULL),
    ('12L1PKALDBH688300','3''0x6''8x1-3/8" KAL514 12 LITE/1 PAN',2.0,14.0,1.0,68.0,300.0,8.0,NULL,NULL),
    ('12L1PKALSRR684300 IG','3''0x6''8x1-3/4 KAL6514 12LITE/1 PAN',2.0,14.0,1.0,68.0,300.0,4.0,NULL,NULL),
    ('12LPIN808200','2''0x8''0x1-3/8 12 LT RAD626 SGM',2.0,19.0,8.0,80.0,200.0,8.0,NULL,NULL),
    ('15LPIN688204','2''4x6''8x1 3/8 15 LITE RADIATA SGM',3.0,19.0,8.0,68.0,204.0,8.0,NULL,NULL),
    ('15LPIN688206','2''6x6''8x1 3/8 15 LITE RADIATA SGM',3.0,19.0,8.0,68.0,206.0,8.0,NULL,NULL),
    ('15LPIN688208','2''8x6''8x1 3/8 15 LITE RADIATA SGM',3.0,19.0,8.0,68.0,208.0,8.0,NULL,NULL),
    ('15LPIN688300','3''0x6''8x1 3/8 15 LITE RADIATA SGM',3.0,19.0,8.0,68.0,300.0,8.0,NULL,NULL),
    ('18LPIN808206','2''6x8''0x1-3/8 18 LITE RADIATA SGM',4.0,19.0,8.0,80.0,206.0,8.0,NULL,NULL),
    ('18LPIN808300','3''0x8''0x1-3/8 18 LITE RADIATA SGM',4.0,19.0,8.0,80.0,300.0,8.0,NULL,NULL),
    ('1LFIR684206 IG LOW-E','2''6x6''8x1-3/4 #6620 IG FIR',5.0,11.0,8.0,68.0,206.0,4.0,NULL,NULL),
    ('1LFIR684300 IG LOW-E','3''0x6''8x1-3/4 #6620 IG FIR',5.0,11.0,8.0,68.0,300.0,4.0,NULL,NULL),
    ('1LPIN688106','1''6x6''8x1 3/8 1LT CLEAR SGM PINE',5.0,19.0,8.0,68.0,106.0,8.0,NULL,NULL),
    ('1LPIN688200','2''0x6''8x1 3/8 1LT CLEAR SGM PINE',5.0,19.0,8.0,68.0,200.0,8.0,NULL,NULL),
    ('1LPIN688204','2''4x6''8x1 3/8 1LT CLEAR SGM PINE',5.0,19.0,8.0,68.0,204.0,8.0,NULL,NULL),
    ('1LPIN688206','2''6x6''8x1 3/8 1LT CLEAR SGM PINE',5.0,19.0,8.0,68.0,206.0,8.0,NULL,NULL),
    ('1LPIN688208','2''8x6''8x1 3/8 1LT CLEAR SGM PINE',5.0,19.0,8.0,68.0,208.0,8.0,NULL,NULL),
    ('1LPIN688300','3''0x6''8x1 3/8 1LT CLEAR SGM PINE',5.0,19.0,8.0,68.0,300.0,8.0,NULL,NULL),
    ('1LPIN808200','2''0x8''0x1 3/8 1LT CLEAR SGM PINE',5.0,19.0,8.0,80.0,200.0,8.0,NULL,NULL),
    ('1LPIN808206','2''6x8''0x1 3/8 1LT CLEAR SGM PINE',5.0,19.0,8.0,80.0,206.0,8.0,NULL,NULL),
    ('1LPIN808300','3''0x8''0x1 3/8 1LT CLEAR SGM PINE',5.0,19.0,8.0,80.0,300.0,8.0,NULL,NULL),
    ('1PPINFP688106','1''6x6''8x1-3/8 1 PANEL SHAKER PINE',6.0,19.0,1.0,68.0,106.0,8.0,NULL,NULL),
    ('1PPINFP688200','2''0x6''8x1-3/8 1 PANEL SHAKER PINE',6.0,19.0,1.0,68.0,200.0,8.0,NULL,NULL),
    ('1PPINFP688204','2''4x6''8x1-3/8 1 PANEL SHAKER PINE',6.0,19.0,1.0,68.0,204.0,8.0,NULL,NULL),
    ('1PPINFP688206','2''6x6''8x1-3/8 1 PANEL SHAKER PINE',6.0,19.0,1.0,68.0,206.0,8.0,NULL,NULL),
    ('1PPINFP688208','2''8x6''8x1-3/8 1 PANEL SHAKER PINE',6.0,19.0,1.0,68.0,208.0,8.0,NULL,NULL),
    ('1PPINFP688300','3''0x6''8x1-3/8 1 PANEL SHAKER PINE',6.0,19.0,1.0,68.0,300.0,8.0,NULL,NULL),
    ('2PAKALPLK688103','1''3x6''8x1-3/8 2PAN ARCH PLANK KAL',6.0,14.0,2.0,68.0,103.0,8.0,NULL,NULL),
    ('2PAKALPLK688104','1''4x6''8x1-3/8 2PAN ARCH PLANK KAL',6.0,14.0,2.0,68.0,104.0,8.0,NULL,NULL),
    ('2PAKALPLK688106','1''6x6''8x1-3/8 2PAN ARCH PLANK KAL',6.0,14.0,2.0,68.0,106.0,8.0,NULL,NULL),
    ('2PAKALPLK688200','2''0x6''8x1-3/8 2PAN ARCH PLANK KAL',6.0,14.0,2.0,68.0,200.0,8.0,NULL,NULL),
    ('2PAKALPLK688204','2''4x6''8x1-3/8 2PAN ARCH PLANK KAL',6.0,14.0,2.0,68.0,204.0,8.0,NULL,NULL),
    ('2PAKALPLK688206','2''6x6''8x1-3/8 2PAN ARCH PLANK KAL',6.0,14.0,2.0,68.0,206.0,8.0,NULL,NULL),
    ('2PAKALPLK688208','2''8x6''8x1-3/8 2PAN ARCH PLANK KAL',6.0,14.0,2.0,68.0,208.0,8.0,NULL,NULL),
    ('2PAKALPLK688300','3''0x6''8x1-3/8 2PAN ARCH PLANK KAL',6.0,14.0,2.0,68.0,300.0,8.0,NULL,NULL),
    ('2PAKALSRD804106','1''6x8''0x1-3/4 2PAN ARCH LSD KAL',6.0,14.0,2.0,80.0,106.0,4.0,NULL,NULL),
    ('2PAKALSRD804200','2''0x8''0x1-3/4 2PAN ARCH LSD KAL',6.0,14.0,2.0,80.0,200.0,4.0,NULL,NULL),
    ('2PAKALSRD804204','2''4x8''0x1-3/4 2PAN ARCH LSD KAL',6.0,14.0,2.0,80.0,204.0,4.0,NULL,NULL),
    ('2PAKALSRD804206','2''6x8''0x1-3/4 2PAN ARCH LSD KAL',6.0,14.0,2.0,80.0,206.0,4.0,NULL,NULL),
    ('2PAKALSRD804208','2''8x8''0x1-3/4 2PAN ARCH LSD KAL',6.0,14.0,2.0,80.0,208.0,4.0,NULL,NULL),
    ('2PAKALSRD804300','3''0x8''0x1-3/4 2PAN ARCH LSD KAL',6.0,14.0,2.0,80.0,300.0,4.0,NULL,NULL),
    ('2PAKALSRP684206','2''6x6''8x1-3/4 2PAN ARCH PLANK KAL',6.0,14.0,2.0,68.0,206.0,4.0,NULL,NULL),
    ('2PAKALSRP684208','2''8x6''8x1-3/4 2PAN ARCH PLANK KAL',6.0,14.0,2.0,68.0,208.0,4.0,NULL,NULL),
    ('2PAKALSRP684300','3''0x6''8x1-3/4 2PAN ARCH PLANK KAL',6.0,14.0,2.0,68.0,300.0,4.0,NULL,NULL),
    ('2PAKALSRP804106','1''6x8''0x1-3/4 2PAN ARCH PLANK KAL',6.0,14.0,2.0,80.0,106.0,4.0,NULL,NULL),
    ('2PAKALSRP804200','2''0x8''0x1-3/4 2PAN ARCH PLANK KAL',6.0,14.0,2.0,80.0,200.0,4.0,NULL,NULL),
    ('2PAKALSRP804204','2''4x8''0x1-3/4 2PAN ARCH PLANK KAL',6.0,14.0,2.0,80.0,204.0,4.0,NULL,NULL),
    ('2PAKALSRP804206','2''6x8''0x1-3/4 2PAN ARCH PLANK KAL',6.0,14.0,2.0,80.0,206.0,4.0,NULL,NULL),
    ('2PAKALSRP804208','2''8x8''0x1-3/4 2PAN ARCH PLANK KAL',6.0,14.0,2.0,80.0,208.0,4.0,NULL,NULL),
    ('2PAKALSRP804300','3''0x8''0x1-3/4 2PAN ARCH PLANK KAL',6.0,14.0,2.0,80.0,300.0,4.0,NULL,NULL),
    ('2PAOAKBP684208','2''8x6''8x1 3/4 2 PANEL ARCH OAK',6.0,17.0,2.0,68.0,208.0,4.0,NULL,NULL),
    ('2PAOAKBP688106','1''6x6''8x1 3/8 2 PANEL ARCH OAK',6.0,17.0,2.0,68.0,106.0,8.0,NULL,NULL),
    ('2PAOAKBP688200','2''0x6''8x1 3/8 2 PANEL ARCH OAK',6.0,17.0,2.0,68.0,200.0,8.0,NULL,NULL),
    ('2PAOAKBP688204','2''4x6''8x1 3/8 2 PANEL ARCH OAK',6.0,17.0,2.0,68.0,204.0,8.0,NULL,NULL),
    ('2PAOAKBP688206','2''6x6''8x1 3/8 2 PANEL ARCH OAK',6.0,17.0,2.0,68.0,206.0,8.0,NULL,NULL),
    ('2PAOAKBP688208','2''8x6''8x1 3/8 2 PANEL ARCH OAK',6.0,17.0,2.0,68.0,208.0,8.0,NULL,NULL),
    ('2PAOAKBP688300','3''0x6''8x1 3/8 2 PANEL ARCH OAK',6.0,17.0,2.0,68.0,300.0,8.0,NULL,NULL),
    ('2PAPINDBH688103','1''3x6''8x1-3/8 2 PANEL ARCH DBH PINE',6.0,19.0,2.0,68.0,103.0,8.0,NULL,NULL),
    ('2PAPINDBH688106','1''6x6''8x1-3/8 2 PANEL ARCH DBH PINE',6.0,19.0,2.0,68.0,106.0,8.0,NULL,NULL),
    ('2PAPINDBH688200','2''0x6''8x1 3/8 2 PANEL ARCH DBH PINE',6.0,19.0,2.0,68.0,200.0,8.0,NULL,NULL),
    ('2PAPINDBH688204','2''4x6''8x1-3/8 2 PANEL ARCH DBH PINE',6.0,19.0,2.0,68.0,204.0,8.0,NULL,NULL),
    ('2PAPINDBH688206','2''6x6''8x1 3/8 2 PANEL ARCH DBH PINE',6.0,19.0,2.0,68.0,206.0,8.0,NULL,NULL),
    ('2PAPINDBH688208','2''8x6''8x1 3/8 2 PANEL ARCH DBH PINE',6.0,19.0,2.0,68.0,208.0,8.0,NULL,NULL),
    ('2PAPINDBH688300','3''0x6''8x1 3/8 2 PANEL ARCH DBH PINE',6.0,19.0,2.0,68.0,300.0,8.0,NULL,NULL),
    ('2PAPINPLK684208 DOMESTIC','2''8x6''8x1-3/4 2P ARCH VIP PLK PINE',6.0,19.0,2.0,68.0,208.0,4.0,NULL,NULL),
    ('2PAPINPLK688103','1''3x6''8x1-3/8 2P ARCH PLANK PINE',6.0,19.0,2.0,68.0,103.0,8.0,NULL,NULL),
    ('2PAPINPLK688106','1''6x6''8x1-3/8 2P ARCH PLANK PINE',6.0,19.0,2.0,68.0,106.0,8.0,NULL,NULL),
    ('2PAPINPLK688200','2''0x6''8x1-3/8 2P ARCH PLANK PINE',6.0,19.0,2.0,68.0,200.0,8.0,NULL,NULL),
    ('2PAPINPLK688204','2''4x6''8x1-3/8 2P ARCH PLANK PINE',6.0,19.0,2.0,68.0,204.0,8.0,NULL,NULL),
    ('2PAPINPLK688206','2''6x6''8x1-3/8 2P ARCH PLANK PINE',6.0,19.0,2.0,68.0,206.0,8.0,NULL,NULL),
    ('2PAPINPLK688208','2''8x6''8x1-3/8 2P ARCH PLANK PINE',6.0,19.0,2.0,68.0,208.0,8.0,NULL,NULL),
    ('2PAPINPLK688300','3''0x6''8x1-3/8 2P ARCH PLANK PINE',6.0,19.0,2.0,68.0,300.0,8.0,NULL,NULL),
    ('2PAPINVIP684206','2''6x6''8x1 3/4 2 PANEL ARCH VIP PINE',6.0,19.0,2.0,68.0,206.0,4.0,NULL,NULL),
    ('2PAPINVIP684208','2''8x6''8x1 3/4 2 PANEL ARCH VIP PINE',6.0,19.0,2.0,68.0,208.0,4.0,NULL,NULL),
    ('2PAPINVIP684300','3''0x6''8x1 3/4 2 PANEL ARCH VIP PINE',6.0,19.0,2.0,68.0,300.0,4.0,NULL,NULL),
    ('2PARRDPLK684208','2''8x6''8x1-3/4 2PAN ARCH PLANK RRD',6.0,20.0,2.0,68.0,208.0,4.0,NULL,NULL),
    ('2PARRDPLK684300','3''0x6''8x1-3/4 2PAN ARCH PLANK RRD',6.0,20.0,2.0,68.0,300.0,4.0,NULL,NULL),
    ('2PARRDPLK688103','1''3x6''8x1-3/8 2PAN ARCH PLANK RRD',6.0,20.0,2.0,68.0,103.0,8.0,NULL,NULL),
    ('2PARRDPLK688104','1''4x6''8x1-3/8 2PAN ARCH PLANK RRD',6.0,20.0,2.0,68.0,104.0,8.0,NULL,NULL),
    ('2PARRDPLK688106','1''6x6''8x1-3/8 2PAN ARCH PLANK RRD',6.0,20.0,2.0,68.0,106.0,8.0,NULL,NULL),
    ('2PARRDPLK688200','2''0x6''8x1-3/8 2PAN ARCH PLANK RRD',6.0,20.0,2.0,68.0,200.0,8.0,NULL,NULL),
    ('2PARRDPLK688204','2''4x6''8x1-3/8 2PAN ARCH PLANK RRD',6.0,20.0,2.0,68.0,204.0,8.0,NULL,NULL),
    ('2PARRDPLK688206','2''6x6''8x1-3/8 2PAN ARCH PLANK RRD',6.0,20.0,2.0,68.0,206.0,8.0,NULL,NULL),
    ('2PARRDPLK688208','2''8x6''8x1-3/8 2PAN ARCH PLANK RRD',6.0,20.0,2.0,68.0,208.0,8.0,NULL,NULL),
    ('2PARRDPLK688300','3''0x6''8x1-3/8 2PAN ARCH PLANK RRD',6.0,20.0,2.0,68.0,300.0,8.0,NULL,NULL),
    ('2PARRDPLK808106','1''6x8''0x1-3/8 2PAN ARCH PLANK RRD',6.0,20.0,2.0,80.0,106.0,8.0,NULL,NULL),
    ('2PARRDPLK808200','2''0x8''0x1-3/8 2PAN ARCH PLANK RRD',6.0,20.0,2.0,80.0,200.0,8.0,NULL,NULL),
    ('2PARRDPLK808204','2''4x8''0x1-3/8 2PAN ARCH PLANK RRD',6.0,20.0,2.0,80.0,204.0,8.0,NULL,NULL),
    ('2PARRDPLK808206','2''6x8''0x1-3/8 2PAN ARCH PLANK RRD',6.0,20.0,2.0,80.0,206.0,8.0,NULL,NULL),
    ('2PARRDPLK808208','2''8x8''0x1-3/8 2PAN ARCH PLANK RRD',6.0,20.0,2.0,80.0,208.0,8.0,NULL,NULL),
    ('2PARRDPLK808300','3''0x8''0x1-3/8 2PAN ARCH PLANK RRD',6.0,20.0,2.0,80.0,300.0,8.0,NULL,NULL),
    ('2PPINDBH684208','2''8x6''8x1 3/4 2 PANEL SQ DBH PINE',6.0,19.0,2.0,68.0,208.0,4.0,NULL,NULL),
    ('2PPINDBH684300','3''0x6''8x1 3/4 2 PANEL SQ DBH PINE',6.0,19.0,2.0,68.0,300.0,4.0,NULL,NULL),
    ('2PPINDBH688200','2''0x6''8x1 3/8 2 PANEL SQ DBH PINE',6.0,19.0,2.0,68.0,200.0,8.0,NULL,NULL),
    ('2PPINDBH688204','2''4x6''8x1 3/8 2 PANEL SQ DBH PINE',6.0,19.0,2.0,68.0,204.0,8.0,NULL,NULL),
    ('2PPINDBH688206','2''6x6''8x1 3/8 2 PANEL SQ DBH PINE',6.0,19.0,2.0,68.0,206.0,8.0,NULL,NULL),
    ('2PPINDBH688208','2''8x6''8x1 3/8 2 PANEL SQ DBH PINE',6.0,19.0,2.0,68.0,208.0,8.0,NULL,NULL),
    ('2PPINDBH688300','3''0x6''8x1 3/8 2 PANEL SQ DBH PINE',6.0,19.0,2.0,68.0,300.0,8.0,NULL,NULL),
    ('2PPINFP684208','2''8x6''8x1-3/4 2 PANEL SHAKER PINE',6.0,19.0,2.0,68.0,208.0,4.0,NULL,NULL),
    ('2PPINFP684300','3''0x6''8x1-3/4 2 PANEL SHAKER PINE',6.0,19.0,2.0,68.0,300.0,4.0,NULL,NULL),
    ('2PPINFP688106','1''6x6''8x1-3/8 2 PANEL SHAKER PINE',6.0,19.0,2.0,68.0,106.0,8.0,NULL,NULL),
    ('2PPINFP688200','2''0x6''8x1-3/8 2 PANEL SHAKER PINE',6.0,19.0,2.0,68.0,200.0,8.0,NULL,NULL),
    ('2PPINFP688204','2''4x6''8x1-3/8 2 PANEL SHAKER PINE',6.0,19.0,2.0,68.0,204.0,8.0,NULL,NULL),
    ('2PPINFP688206','2''6x6''8x1-3/8 2 PANEL SHAKER PINE',6.0,19.0,2.0,68.0,206.0,8.0,NULL,NULL),
    ('2PPINFP688208','2''8x6''8x1-3/8 2 PANEL SHAKER PINE',6.0,19.0,2.0,68.0,208.0,8.0,NULL,NULL),
    ('2PPINFP688300','3''0x6''8x1-3/8 2 PANEL SHAKER PINE',6.0,19.0,2.0,68.0,300.0,8.0,NULL,NULL),
    ('2PSMH688103','1''3x6''8x1 3/8 HC 2 PANEL SMOOTH',6.0,16.0,2.0,68.0,103.0,8.0,NULL,NULL),
    ('2PSMH688104','1''4x6''8x1 3/8 HC 2 PANEL SMOOTH',6.0,16.0,2.0,68.0,104.0,8.0,NULL,NULL),
    ('2PSMH688106','1''6x6''8x1 3/8 HC 2 PANEL SMOOTH',6.0,16.0,2.0,68.0,106.0,8.0,NULL,NULL),
    ('2PSMH688200','2''0x6''8x1 3/8 HC 2 PANEL SMOOTH',6.0,16.0,2.0,68.0,200.0,8.0,NULL,NULL),
    ('2PSMH688204','2''4x6''8x1 3/8 HC 2 PANEL SMOOTH',6.0,16.0,2.0,68.0,204.0,8.0,NULL,NULL),
    ('2PSMH688206','2''6x6''8x1 3/8 HC 2 PANEL SMOOTH',6.0,16.0,2.0,68.0,206.0,8.0,NULL,NULL),
    ('2PSMH688208','2''8x6''8x1 3/8 HC 2 PANEL SMOOTH',6.0,16.0,2.0,68.0,208.0,8.0,NULL,NULL),
    ('2PSMH688300','3''0x6''8x1 3/8 HC 2 PANEL SMOOTH',6.0,16.0,2.0,68.0,300.0,8.0,NULL,NULL),
    ('2PSMS684200 20 MIN','2''0x6''8x1-3/4 SC 2P SMOOTH',6.0,16.0,2.0,68.0,200.0,4.0,NULL,NULL),
    ('2PSMS684204 20 MIN','2''4x6''8x1-3/4 SC 2P SMOOTH',6.0,16.0,2.0,68.0,204.0,4.0,NULL,NULL),
    ('2PSMS684206 20 MIN','2''6x6''8x1-3/4 SC 2P SMOOTH',6.0,16.0,2.0,68.0,206.0,4.0,NULL,NULL),
    ('2PSMS684208 20 MIN','2''8x6''8x1-3/4 SC 2P SMOOTH',6.0,16.0,2.0,68.0,208.0,4.0,NULL,NULL),
    ('2PSMS684300 20 MIN','3''0x6''8x1-3/4 SC 2P SMOOTH',6.0,16.0,2.0,68.0,300.0,4.0,NULL,NULL),
    ('2PSMS688104','1''4x6''8x1 3/8 SC 2 PANEL SMOOTH',6.0,16.0,2.0,68.0,104.0,8.0,NULL,NULL),
    ('2PSMS688106','1''6x6''8x1 3/8 SC 2 PANEL SMOOTH',6.0,16.0,2.0,68.0,106.0,8.0,NULL,NULL),
    ('2PSMS688200','2''0x6''8x1 3/8 SC 2 PANEL SMOOTH',6.0,16.0,2.0,68.0,200.0,8.0,NULL,NULL),
    ('2PSMS688204','2''4x6''8x1 3/8 SC 2 PANEL SMOOTH',6.0,16.0,2.0,68.0,204.0,8.0,NULL,NULL),
    ('2PSMS688206','2''6x6''8x1 3/8 SC 2 PANEL SMOOTH',6.0,16.0,2.0,68.0,206.0,8.0,NULL,NULL),
    ('2PSMS688208','2''8x6''8x1 3/8 SC 2 PANEL SMOOTH',6.0,16.0,2.0,68.0,208.0,8.0,NULL,NULL),
    ('2PSMS688300','3''0x6''8x1 3/8 SC 2 PANEL SMOOTH',6.0,16.0,2.0,68.0,300.0,8.0,NULL,NULL),
    ('3PHORPRMFP684208','2''8x6''8x1-3/4 PRIMED 3 EQ. PANEL',6.0,21.0,3.0,68.0,208.0,4.0,NULL,NULL),
    ('3PHORPRMFP684300','3''0x6''8x1-3/4 PRIMED 3 EQ. PANEL',6.0,21.0,3.0,68.0,300.0,4.0,NULL,NULL),
    ('3PHORPRMFP688106','1''6x6''8x1-3/8 PRIMED 3 EQ. PANEL',6.0,21.0,3.0,68.0,106.0,8.0,NULL,NULL),
    ('3PHORPRMFP688200','2''0x6''8x1-3/8 PRIMED 3 EQ. PANEL',6.0,21.0,3.0,68.0,200.0,8.0,NULL,NULL),
    ('3PHORPRMFP688204','2''4x6''8x1-3/8 PRIMED 3 EQ. PANEL',6.0,21.0,3.0,68.0,204.0,8.0,NULL,NULL),
    ('3PHORPRMFP688206','2''6x6''8x1-3/8 PRIMED 3 EQ. PANEL',6.0,21.0,3.0,68.0,206.0,8.0,NULL,NULL),
    ('3PHORPRMFP688208','2''8x6''8x1-3/8 PRIMED 3 EQ. PANEL',6.0,21.0,3.0,68.0,208.0,8.0,NULL,NULL),
    ('3PHORPRMFP688300','3''0x6''8x1-3/8 PRIMED 3 EQ. PANEL',6.0,21.0,3.0,68.0,300.0,8.0,NULL,NULL),
    ('3PHORPRMFP804106','1''6x8''0x1-3/4 PRIMED 3 EQ. PANEL',6.0,21.0,3.0,80.0,106.0,4.0,NULL,NULL),
    ('3PHORPRMFP804200','2''0x8''0x1-3/4 PRIMED 3 EQ. PANEL',6.0,21.0,3.0,80.0,200.0,4.0,NULL,NULL),
    ('3PHORPRMFP804204','2''4x8''0x1-3/4 PRIMED 3 EQ. PANEL',6.0,21.0,3.0,80.0,204.0,4.0,NULL,NULL),
    ('3PHORPRMFP804206','2''6x8''0x1-3/4 PRIMED 3 EQ. PANEL',6.0,21.0,3.0,80.0,206.0,4.0,NULL,NULL),
    ('3PHORPRMFP804208','2''8x8''0x1-3/4 PRIMED 3 EQ. PANEL',6.0,21.0,3.0,80.0,208.0,4.0,NULL,NULL),
    ('3PHORPRMFP804300','3''0x8''0x1-3/4 PRIMED 3 EQ. PANEL',6.0,21.0,3.0,80.0,300.0,4.0,NULL,NULL),
    ('3PPINFP684208','2''8x6''8x1-3/4 3PAN CRAFTSMAN SHAKER',6.0,19.0,3.0,68.0,208.0,4.0,NULL,NULL),
    ('3PPINFP684300','3''0x6''8x1-3/4 3PAN CRAFTSMAN SHAKER',6.0,19.0,3.0,68.0,300.0,4.0,NULL,NULL),
    ('3PPINFP688106','1''6x6''8x1-3/8 3PAN CRAFTSMAN SHAKER',6.0,19.0,3.0,68.0,106.0,8.0,NULL,NULL),
    ('3PPINFP688200','2''0x6''8x1-3/8 3PAN CRAFTSMAN SHAKER',6.0,19.0,3.0,68.0,200.0,8.0,NULL,NULL),
    ('3PPINFP688204','2''4x6''8x1-3/8 3PAN CRAFTSMAN SHAKER',6.0,19.0,3.0,68.0,204.0,8.0,NULL,NULL),
    ('3PPINFP688206','2''6x6''8x1-3/8 3PAN CRAFTSMAN SHAKER',6.0,19.0,3.0,68.0,206.0,8.0,NULL,NULL),
    ('3PPINFP688208','2''8x6''8x1-3/8 3PAN CRAFTSMAN SHAKER',6.0,19.0,3.0,68.0,208.0,8.0,NULL,NULL),
    ('3PPINFP688300','3''0x6''8x1-3/8 3PAN CRAFTSMAN SHAKER',6.0,19.0,3.0,68.0,300.0,8.0,NULL,NULL),
    ('3PPINFP804106 FJ','1''6x8''0x1-3/4 3PAN CRAFTSMAN SHAKER',6.0,19.0,3.0,80.0,106.0,4.0,NULL,NULL),
    ('3PPINFP804200 FJ','2''0x8''0x1-3/4 3PAN CRAFTSMAN SHAKER',6.0,19.0,3.0,80.0,200.0,4.0,NULL,NULL),
    ('3PPINFP804204 FJ','2''4x8''0x1-3/4 3PAN CRAFTSMAN SHAKER',6.0,19.0,3.0,80.0,204.0,4.0,NULL,NULL),
    ('3PPINFP804206 FJ','2''6x8''0x1-3/4 3PAN CRAFTSMAN SHAKER',6.0,19.0,3.0,80.0,206.0,4.0,NULL,NULL),
    ('3PPINFP804208 FJ','2''8x8''0x1-3/4 3PAN CRAFTSMAN SHAKER',6.0,19.0,3.0,80.0,208.0,4.0,NULL,NULL),
    ('3PPINFP804300 FJ','3''0x8''0x1-3/4 3PAN CRAFTSMAN SHAKER',6.0,19.0,3.0,80.0,300.0,4.0,NULL,NULL),
    ('5LHORPIN688106','1''6x6''8x1-3/8 RAD4605 5 LIGHT CLEAR',7.0,19.0,8.0,68.0,106.0,8.0,NULL,NULL),
    ('5LHORPIN688200','2''0x6''8x1-3/8 RAD4605 5 LIGHT CLEAR',7.0,19.0,8.0,68.0,200.0,8.0,NULL,NULL),
    ('5LHORPIN688204','2''4x6''8x1-3/8 RAD4605 5 LIGHT CLEAR',7.0,19.0,8.0,68.0,204.0,8.0,NULL,NULL),
    ('5LHORPIN688206','2''6x6''8x1-3/8 RAD4605 5 LIGHT CLEAR',7.0,19.0,8.0,68.0,206.0,8.0,NULL,NULL),
    ('5LHORPIN688208','2''8x6''8x1-3/8 RAD4605 5 LIGHT CLEAR',7.0,19.0,8.0,68.0,208.0,8.0,NULL,NULL),
    ('5LHORPIN688300','3''0x6''8x1-3/8 RAD4605 5 LIGHT CLEAR',7.0,19.0,8.0,68.0,300.0,8.0,NULL,NULL),
    ('5LPIN688103','1''3x6''8x1 3/8 5 LITE RADIATA SGM',7.0,19.0,8.0,68.0,103.0,8.0,NULL,NULL),
    ('5LPIN688104','1''4x6''8x1 3/8 5 LITE RADIATA SGM',7.0,19.0,8.0,68.0,104.0,8.0,NULL,NULL),
    ('5LPIN688106','1''6x6''8x1 3/8 5 LITE RADIATA SGM',7.0,19.0,8.0,68.0,106.0,8.0,NULL,NULL),
    ('5LPIN688108','1''8x6''8x1 3/8 5 LITE RADIATA SGM',7.0,19.0,8.0,68.0,108.0,8.0,NULL,NULL),
    ('5PHORPINFP684208','2''8x6''8x1-3/4 5PAN EQ SHAKER PIN',6.0,19.0,5.0,68.0,208.0,4.0,NULL,NULL),
    ('5PHORPINFP684300','3''0x6''8x1-3/4 5PAN EQ SHAKER PIN',6.0,19.0,5.0,68.0,300.0,4.0,NULL,NULL),
    ('5PHORPINFP688103','1''3x6''8x1-3/8 5PAN EQ SHAKER PIN',6.0,19.0,5.0,68.0,103.0,8.0,NULL,NULL),
    ('5PHORPINFP688104','1''4x6''8x1-3/8 5PAN EQ SHAKER PIN',6.0,19.0,5.0,68.0,104.0,8.0,NULL,NULL),
    ('5PHORPINFP688106','1''6x6''8x1-3/8 5PAN EQ SHAKER PIN',6.0,19.0,5.0,68.0,106.0,8.0,NULL,NULL),
    ('5PHORPINFP688200','2''0x6''8x1-3/8 5PAN EQ SHAKER PIN',6.0,19.0,5.0,68.0,200.0,8.0,NULL,NULL),
    ('5PHORPINFP688204','2''4x6''8x1-3/8 5PAN EQ SHAKER PIN',6.0,19.0,5.0,68.0,204.0,8.0,NULL,NULL),
    ('5PHORPINFP688206','2''6x6''8x1-3/8 5PAN EQ SHAKER PIN',6.0,19.0,5.0,68.0,206.0,8.0,NULL,NULL),
    ('5PHORPINFP688208','2''8x6''8x1-3/8 5PAN EQ SHAKER PIN',6.0,19.0,5.0,68.0,208.0,8.0,NULL,NULL),
    ('5PHORPINFP688300','3''0x6''8x1-3/8 5PAN EQ SHAKER PIN',6.0,19.0,5.0,68.0,300.0,8.0,NULL,NULL),
    ('6L1PPINDBH688206','2''6x6''8x1-3/8" RAD516 6 LITE/1 PAN',8.0,19.0,1.0,68.0,206.0,8.0,NULL,NULL),
    ('6LHORPIN808106','1''6x8''0x1-3/8 RAD4606 6 LIGHT CLEAR',8.0,19.0,8.0,80.0,106.0,8.0,NULL,NULL),
    ('6LHORPIN808200','2''0x8''0x1-3/8 RAD4606 6 LIGHT CLEAR',8.0,19.0,8.0,80.0,200.0,8.0,NULL,NULL),
    ('6LHORPIN808204','2''4x8''0x1-3/8 RAD4606 6 LIGHT CLEAR',8.0,19.0,8.0,80.0,204.0,8.0,NULL,NULL),
    ('6LHORPIN808206','2''6x8''0x1-3/8 RAD4606 6 LIGHT CLEAR',8.0,19.0,8.0,80.0,206.0,8.0,NULL,NULL),
    ('6LHORPIN808208','2''8x8''0x1-3/8 RAD4606 6 LIGHT CLEAR',8.0,19.0,8.0,80.0,208.0,8.0,NULL,NULL),
    ('6LHORPIN808300','3''0x8''0x1-3/8 RAD4606 6 LIGHT CLEAR',8.0,19.0,8.0,80.0,300.0,8.0,NULL,NULL),
    ('6LPIN688206','2''6x6''8x1-3/8 RAD636 6 LIGHT CLEAR',8.0,19.0,8.0,68.0,206.0,8.0,NULL,NULL),
    ('6LPIN688300','3''0x6''8x1-3/8 RAD636 6 LIGHT CLEAR',8.0,19.0,8.0,68.0,300.0,8.0,NULL,NULL),
    ('6LPIN808106','1''6x8''0x1 3/8 6 LITE PINE SGM TDL',8.0,19.0,8.0,80.0,106.0,8.0,NULL,NULL),
    ('6LPRM804106','1''6x8''0x1-3/4 6LT PRM630 5 LITE SGM',8.0,21.0,8.0,80.0,106.0,4.0,NULL,NULL),
    ('6PFIRVIP684300','3''0x6''8x1-3/4 #108 6 PANEL FIR',6.0,11.0,6.0,68.0,300.0,4.0,NULL,NULL),
    ('6PHORPINFP804204 FJ','2''4x8''0x1-3/4 6PAN EQ SHAKER PIN',6.0,19.0,6.0,80.0,204.0,4.0,NULL,NULL),
    ('6PHORPINFP804206 FJ','2''6x8''0x1-3/4 6PAN EQ SHAKER PIN',6.0,19.0,6.0,80.0,206.0,4.0,NULL,NULL),
    ('6PHORPINFP804208','2''8x8''0x1-3/4 6PAN EQ SHAKER PIN',6.0,19.0,6.0,80.0,208.0,4.0,NULL,NULL),
    ('6PHORPINFP804208 FJ','2''8x8''0x1-3/4 6PAN EQ SHAKER PIN',6.0,19.0,6.0,80.0,208.0,4.0,NULL,NULL),
    ('6PHORPINFP804300','3''0x8''0x1-3/4 6PAN EQ SHAKER PIN',6.0,19.0,6.0,80.0,300.0,4.0,NULL,NULL),
    ('6PHORPINFP804300 FJ','3''0x8''0x1-3/4 6PAN EQ SHAKER PIN',6.0,19.0,6.0,80.0,300.0,4.0,NULL,NULL),
    ('6POAKBP684208','2''8x6''8x1-3/4 6 PANEL BP RED OAK',6.0,17.0,6.0,68.0,208.0,4.0,NULL,NULL),
    ('6POAKBP688106','1''6x6''8x1 3/8 3 PANEL BP RED OAK',6.0,17.0,6.0,68.0,106.0,8.0,NULL,NULL),
    ('6POAKBP688200','2''0x6''8x1 3/8 6 PANEL BP RED OAK',6.0,17.0,6.0,68.0,200.0,8.0,NULL,NULL),
    ('6POAKBP688200 PREFIT','2''0x6''8x1 3/8 6 PANEL BP RED OAK',6.0,17.0,6.0,68.0,200.0,8.0,NULL,NULL),
    ('6POAKBP688204 PREFIT','2''4x6''8x1 3/8 6 PANEL BP RED OAK',6.0,17.0,6.0,68.0,204.0,8.0,NULL,NULL),
    ('6POAKBP688206','2''6x6''8x1 3/8 6 PANEL BP RED OAK',6.0,17.0,6.0,68.0,206.0,8.0,NULL,NULL),
    ('6POAKBP688206 PREFIT','2''6x6''8x1 3/8 6 PANEL BP RED OAK',6.0,17.0,6.0,68.0,206.0,8.0,NULL,NULL),
    ('6POAKBP688208','2''8x6''8x1 3/8 6 PANEL BP RED OAK',6.0,17.0,6.0,68.0,208.0,8.0,NULL,NULL),
    ('6POAKBP688208 PREFIT','2''8x6''8x1 3/8 6 PANEL BP RED OAK',6.0,17.0,6.0,68.0,208.0,8.0,NULL,NULL),
    ('6POAKBP688300 PREFIT','3''0x6''8x1 3/8 6 PANEL BP RED OAK',6.0,17.0,6.0,68.0,300.0,8.0,NULL,NULL),
    ('6PPINDBH688100','1''0x6''8x1 3/8 3 PANEL DBH PINE',6.0,19.0,6.0,68.0,100.0,8.0,NULL,NULL),
    ('6PPINDBH688103','1''3x6''8x1 3/8 3 PANEL DBH PINE',6.0,19.0,6.0,68.0,103.0,8.0,NULL,NULL),
    ('6PPINDBH688104','1''4x6''8x1 3/8 3 PANEL DBH PINE',6.0,19.0,6.0,68.0,104.0,8.0,NULL,NULL),
    ('6PPINDBH688106','1''6x6''8x1 3/8 3 PANEL DBH PINE',6.0,19.0,6.0,68.0,106.0,8.0,NULL,NULL),
    ('6PPINDBH688108','1''8x6''8x1 3/8 3 PANEL DBH PINE',6.0,19.0,6.0,68.0,108.0,8.0,NULL,NULL),
    ('6PPINDBH688110','1''10x6''8x1 3/8 3 PANEL DBH PINE',6.0,19.0,6.0,68.0,110.0,8.0,NULL,NULL),
    ('6PPINDBH688200','2''0x6''8x1 3/8 6 PANEL DBH PINE',6.0,19.0,6.0,68.0,200.0,8.0,NULL,NULL),
    ('6PPINDBH688204','2''4x6''8x1 3/8 6 PANEL DBH PINE',6.0,19.0,6.0,68.0,204.0,8.0,NULL,NULL),
    ('6PPINDBH688206','2''6x6''8x1 3/8 6 PANEL DBH PINE',6.0,19.0,6.0,68.0,206.0,8.0,NULL,NULL),
    ('6PPINDBH688208','2''8x6''8x1 3/8 6 PANEL DBH PINE',6.0,19.0,6.0,68.0,208.0,8.0,NULL,NULL),
    ('6PPINDBH688300','3''0x6''8x1 3/8 6 PANEL DBH PINE',6.0,19.0,6.0,68.0,300.0,8.0,NULL,NULL),
    ('6PPINVIP684208','2''8x6''8x1 3/4 6 PANEL DBH PINE',6.0,19.0,6.0,68.0,208.0,4.0,NULL,NULL),
    ('6PPINVIP684300','3''0x6''8x1 3/4 6 PANEL DBH PINE',6.0,19.0,6.0,68.0,300.0,4.0,NULL,NULL),
    ('BFT2H 2868NBNH','2''8x6''8 BFT FIR 2P 16x40 HOLLISTER',6.0,1.0,2.0,68.0,208.0,4.0,NULL,NULL),
    ('BFT2H 3068NBNH','3''0x6''8 BFT FIR 2P 16x40 HOLLISTER',6.0,1.0,2.0,68.0,300.0,4.0,NULL,NULL),
    ('BFT2H 3068NBNH 404','3''0x6''8 BFT FIR 2PAN HOLLISTER NBNH',6.0,1.0,2.0,68.0,300.0,4.0,NULL,NULL),
    ('BFTSL2 1068NBNH','1''0"x6''8 BFT FIR 2P S/L UNIV.',6.0,1.0,2.0,68.0,100.0,4.0,NULL,NULL),
    ('BFTSL2 1268NBNH','1''2"x6''8 BFT FIR 2P S/L UNIV.',6.0,1.0,2.0,68.0,102.0,4.0,NULL,NULL),
    ('BH688100','1''0x6''8x1 3/8 HC BIRCH (FJS)',6.0,2.0,8.0,68.0,100.0,8.0,NULL,NULL),
    ('BH688103','1''3x6''8x1 3/8 HC BIRCH (FJS)',6.0,2.0,8.0,68.0,103.0,8.0,NULL,NULL),
    ('BH688104','1''4x6''8x1 3/8 HC BIRCH (FJS)',6.0,2.0,8.0,68.0,104.0,8.0,NULL,NULL),
    ('BH688106','1''6x6''8x1 3/8 HC BIRCH (FJS)',6.0,2.0,8.0,68.0,106.0,8.0,NULL,NULL),
    ('BH688110','1''10x6''8x1 3/8 HC BIRCH (FJS)',6.0,2.0,8.0,68.0,110.0,8.0,NULL,NULL),
    ('BH688200','2''0x6''8x1 3/8 HC BIRCH (FJS)',6.0,2.0,8.0,68.0,200.0,8.0,NULL,NULL),
    ('BH688204','2''4x6''8x1 3/8 HC BIRCH (FJS)',6.0,2.0,8.0,68.0,204.0,8.0,NULL,NULL),
    ('BH688206','2''6x6''8x1 3/8 HC BIRCH (FJS)',6.0,2.0,8.0,68.0,206.0,8.0,NULL,NULL),
    ('BH688208','2''8x6''8x1 3/8 HC BIRCH (FJS)',6.0,2.0,8.0,68.0,208.0,8.0,NULL,NULL),
    ('BH688300','3''0x6''8x1 3/8 HC BIRCH (FJS)',6.0,2.0,8.0,68.0,300.0,8.0,NULL,NULL),
    ('BLS2 2868NBNH','2''8x6''8 BLS 2P SQ.NBNH',6.0,3.0,2.0,68.0,208.0,4.0,NULL,NULL),
    ('BLS2 2880NBNH','2''8x8''0 BLS 2P SQ. NBNH',6.0,3.0,2.0,80.0,208.0,4.0,NULL,NULL),
    ('BLS2 3068NBNH','3''0x6''8 BLS 2P SQ. NBNH',6.0,3.0,2.0,68.0,300.0,4.0,NULL,NULL),
    ('BLS2 3080NBNH','3''0x8''0 BLS 2P SQ. NBNH',6.0,3.0,2.0,80.0,300.0,4.0,NULL,NULL),
    ('BLS2CSM 2868NBNH 215','2''8x6''8 BLS SMOOTH CRAFTSMAN 22X16',6.0,3.0,2.0,68.0,208.0,4.0,NULL,NULL),
    ('BLS2H 2868NBNH','2''8x6''8 BLS SM. 2P HOLLISTER 16X40',6.0,3.0,2.0,68.0,208.0,4.0,NULL,NULL),
    ('BLS2H 2880NBNH 122','2''8x8''0 BLS SM. 2PAN HOLLISTER NBNH',6.0,3.0,2.0,80.0,208.0,4.0,NULL,NULL),
    ('BLS2H 3068NBNH','3''0x6''8 BLS SM. 2PAN HOLLISTER NBNH',6.0,3.0,2.0,68.0,300.0,4.0,NULL,NULL),
    ('BLS2H 3068NBNH 404','3''0x6''8 BLS SM. 2PAN HOLLISTER NBNH',6.0,3.0,2.0,68.0,300.0,4.0,NULL,NULL),
    ('BLS2H 3080NBNH 122','3''0x8''0 BLS SM. 2P HOLL NBNH 22X64',6.0,3.0,2.0,80.0,300.0,4.0,NULL,NULL),
    ('BLS2P 2868NBNH','2''8x6''8 BLS 2P ARCH PLANK NBNH',6.0,3.0,2.0,68.0,208.0,4.0,NULL,NULL),
    ('BLS2P 2880NBNH','2''8x8''0 BLS 2 PANEL PLANK NBNH',6.0,3.0,2.0,80.0,208.0,4.0,NULL,NULL),
    ('BLS2P 3068NBNH','3''0x6''8 BLS 2P ARCH PLANK NBNH',6.0,3.0,2.0,68.0,300.0,4.0,NULL,NULL),
    ('BLS2P 3080NBNH','3''0x8''0 BLS 2 PANEL PLANK NBNH',6.0,3.0,2.0,80.0,300.0,4.0,NULL,NULL),
    ('BLS2R 2868NBNH','2''8x6''8 BLS 2P ARCH ROMAN NBNH',6.0,3.0,2.0,68.0,208.0,4.0,NULL,NULL),
    ('BLS2R 2880NBNH','2''8x8''0 BLS 2P ARCH ROMAN NBNH',6.0,3.0,2.0,80.0,208.0,4.0,NULL,NULL),
    ('BLS2R 3068NBNH','3''0x6''8 BLS 2P ARCH ROMAN NBNH',6.0,3.0,2.0,68.0,300.0,4.0,NULL,NULL),
    ('BLS3 2868NBNH','2''8x6''8 BLS 3 PANEL NBNH',6.0,3.0,3.0,68.0,208.0,4.0,NULL,NULL),
    ('BLS3 3068NBNH','3''0x6''8 BLS 3 PANEL NBNH',6.0,3.0,3.0,68.0,300.0,4.0,NULL,NULL);
INSERT INTO Doors VALUES
    ('BLS3 3068NBNH 404','3''0x6''8 BLS 3 PANEL NBNH 22X48',6.0,3.0,3.0,68.0,300.0,4.0,NULL,NULL),
    ('BLS4BT 2868NBNH','2''8x6''8 BLS 4 PANEL BLANK TOP NBNH',6.0,3.0,4.0,68.0,208.0,4.0,NULL,NULL),
    ('BLS4BT 3068NBNH','3''0x6''8 BLS 4 PANEL BLANK TOP NBNH',6.0,3.0,4.0,68.0,300.0,4.0,NULL,NULL),
    ('BLS6 2668NBNH','2''6x6''8 BLS 6 PANEL NBNH',6.0,3.0,6.0,68.0,206.0,4.0,NULL,NULL),
    ('BLS6 2680NBNH','2''6x8''0 BLS 6 PANEL NBNH',6.0,3.0,6.0,80.0,206.0,4.0,NULL,NULL),
    ('BLS6 2868NBNH','2''8x6''8 BLS 6 PANEL NBNH',6.0,3.0,6.0,68.0,208.0,4.0,NULL,NULL),
    ('BLS6 3068NBNH','3''0x6''8 BLS 6 PANEL NBNH',6.0,3.0,6.0,68.0,300.0,4.0,NULL,NULL),
    ('BLS6 3080NBNH','3''0x8''0 BLS 6 PANEL NBNH',6.0,3.0,6.0,80.0,300.0,4.0,NULL,NULL),
    ('BLSSL2 1068NBNH','1''0"x6''8 BLS SMOOTH 2P S/L UNIV.',6.0,3.0,2.0,68.0,100.0,4.0,NULL,NULL),
    ('BLSSL2 1080NBNH','1''0"x8''0 BLS SMOOTH 2P S/L UNIV.',6.0,3.0,2.0,80.0,100.0,4.0,NULL,NULL),
    ('BLSSL2 1280NBNH','1''2"x8''0 BLS SMOOTH 2P S/L UNIV.',6.0,3.0,2.0,80.0,102.0,4.0,NULL,NULL),
    ('BLSSLX 1068NBNH','1''0"x6''8 BLS SMOOTH FLUSH',6.0,3.0,8.0,68.0,100.0,4.0,NULL,NULL),
    ('BLSSLX 1068NBNH 152','1''0"x6''8 BLS SMOOTH 7X64 CUTOUT',6.0,3.0,8.0,68.0,100.0,4.0,NULL,NULL),
    ('BLSSLX 1268NBNH','1''2"x6''8 BLS SMOOTH FLUSH',6.0,3.0,8.0,68.0,102.0,4.0,NULL,NULL),
    ('BLSSLX 1268NBNH 152','1''2"x6''8 BLS SMOOTH 7X64 CUTOUT',6.0,3.0,8.0,68.0,102.0,4.0,NULL,NULL),
    ('BLSX 2068NBNH','2''0x6''8 BLS FLUSH NBNH',6.0,3.0,8.0,68.0,200.0,4.0,NULL,NULL),
    ('BLSX 2080NBNH','2''0x8''0 BLS FLUSH NBNH',6.0,3.0,8.0,80.0,200.0,4.0,NULL,NULL),
    ('BLSX 21068NBNH','2''10x6''8 BLS FLUSH NBNH',6.0,3.0,8.0,68.0,100.0,4.0,NULL,NULL),
    ('BLSX 2668NBNH','2''6x6''8 BLS FLUSH NBNH',6.0,3.0,8.0,68.0,206.0,4.0,NULL,NULL),
    ('BLSX 2668NBNH 120','2''6x6''8 BLS FLUSH NBNH 20X64',6.0,3.0,8.0,68.0,206.0,4.0,NULL,NULL),
    ('BLSX 2668NBNH PATIO','2''6x6''8 BLS FLUSH PATIO SIZE',6.0,3.0,8.0,68.0,206.0,4.0,NULL,NULL),
    ('BLSX 2680NBNH','2''6x8''0 BLS FLUSH NBNH',6.0,3.0,8.0,80.0,206.0,4.0,NULL,NULL),
    ('BLSX 2868NBNH','2''8x6''8 BLS FLUSH NBNH',6.0,3.0,8.0,68.0,208.0,4.0,NULL,NULL),
    ('BLSX 2868NBNH 122','2''8x6''8 BLS FLUSH NBNH 22X64',6.0,3.0,8.0,68.0,208.0,4.0,NULL,NULL),
    ('BLSX 2880NBNH','2''8x8''0 BLS FLUSH NBNH',6.0,3.0,8.0,80.0,208.0,4.0,NULL,NULL),
    ('BLSX 2880NBNH 810','2''8x8''0 BLS FLUSH NBNH 22X80',6.0,3.0,8.0,80.0,208.0,4.0,NULL,NULL),
    ('BLSX 3068NBNH','3''0x6''8 BLS FLUSH NBNH',6.0,3.0,8.0,68.0,300.0,4.0,NULL,NULL),
    ('BLSX 3068NBNH 122','3''0x6''8 BLS FLUSH NBNH 22X64',6.0,3.0,8.0,68.0,300.0,4.0,NULL,NULL),
    ('BLSX 3068NBNH 122 REPL','3''0x6''8 BLS FLUSH 22X64 REPLACEMENT',6.0,3.0,8.0,68.0,300.0,4.0,NULL,NULL),
    ('BLSX 3068NBNH PATIO','3''0x6''8 BLS FLUSH PATIO SIZE',6.0,3.0,8.0,68.0,300.0,4.0,NULL,NULL),
    ('BLSX 3070NBNH','3''0x7''0 BLS FLUSH NBNH',6.0,3.0,8.0,70.0,300.0,4.0,NULL,NULL),
    ('BLSX 3080NBNH','3''0x8''0 BLS FLUSH NBNH',6.0,3.0,8.0,80.0,300.0,4.0,NULL,NULL),
    ('BLSX 3080NBNH 810','3''0x8''0 BLS FLUSH NBNH 22X80',6.0,3.0,8.0,80.0,300.0,4.0,NULL,NULL),
    ('BLT2 2868NBNH','2''8x6''8 BLT OAK 2PANEL NBNH',6.0,4.0,2.0,68.0,208.0,4.0,NULL,NULL),
    ('BLT2 2880NBNH','2''8x8''0 BLT OAK 2PANEL NBNH',6.0,4.0,2.0,80.0,208.0,4.0,NULL,NULL),
    ('BLT2 3068NBNH','3''0x6''8 BLT OAK 2PANEL NBNH',6.0,4.0,2.0,68.0,300.0,4.0,NULL,NULL),
    ('BLT2 3080NBNH','3''0x8''0 BLT OAK 2PANEL NBNH',6.0,4.0,2.0,80.0,300.0,4.0,NULL,NULL),
    ('BLT2CRO 2868NBNH 215','2''8x6''8 BLT OAK CRAFTSMAN 22X16',6.0,4.0,2.0,68.0,208.0,4.0,NULL,NULL),
    ('BLT2CRO 3068NBNH 215','3''0x6''8 BLT OAK CRAFTSMAN 22X16',6.0,4.0,2.0,68.0,300.0,4.0,NULL,NULL),
    ('BLT3 3068NBNH','3''0x6''8 BLT OAK 3PAN NBNH',6.0,4.0,3.0,68.0,300.0,4.0,NULL,NULL),
    ('BLT3 3068NBNH 304','3''0x6''8 BLT OAK 3PAN NBNH 16X40OV',6.0,4.0,3.0,68.0,300.0,4.0,NULL,NULL),
    ('BLT3 3068NBNH 404','3''0x6''8 BLT OAK 3PAN NBNH 22X48',6.0,4.0,3.0,68.0,300.0,4.0,NULL,NULL),
    ('BLT6 3068NBNH','3''0x6''8 BLT OAK 6PANEL NBNH',6.0,4.0,6.0,68.0,300.0,4.0,NULL,NULL),
    ('BLT8 3068NBNH','3''0x6''8 BLT OAK 8PANEL NBNH',6.0,4.0,9.0,68.0,300.0,4.0,NULL,NULL),
    ('BLTSL2 1080NBNH','1''0x8''0x1-3/4 BLT OAK 2P S/L UNIV.',6.0,4.0,2.0,80.0,100.0,4.0,NULL,NULL),
    ('BLTSL2 1268NBNH','1''2"x6''8 BLT OAK 2P S/L UNIV.',6.0,4.0,2.0,68.0,102.0,4.0,NULL,NULL),
    ('BMT2 3068NBNH','3''0x6''8 BMT MAHOG RED 2 PANEL NBNH',6.0,5.0,2.0,68.0,300.0,4.0,NULL,NULL),
    ('BMT2 3068NBNH 404','3''0X6''8 BMT MAH RED 2PAN HOLL. NBNH',6.0,5.0,2.0,68.0,300.0,4.0,NULL,NULL),
    ('BMT2 3080NBNH 122','3''0x8''0 BMT MAH RED 2PAN HOLL. NBNH',6.0,5.0,2.0,80.0,300.0,4.0,NULL,NULL),
    ('BMT2P 2868NBNH','2''8x6''8 BMT BEIGE 2PAN PLK NBNH',6.0,5.0,2.0,68.0,208.0,4.0,NULL,NULL),
    ('BMT2P 3068NBNH','3''0x6''8 BMT BEIGE 2PAN PLK NBNH',6.0,5.0,2.0,68.0,300.0,4.0,NULL,NULL),
    ('BMT6 3068NBNH','3''0x6''8 BMT MAHOG 6 PANEL NBNH',6.0,5.0,6.0,68.0,300.0,4.0,NULL,NULL),
    ('BMTSL2 1068NBNH','1''0"x6''8 BMT MAHO. 2P S/L UNIV.',6.0,5.0,2.0,68.0,100.0,4.0,NULL,NULL),
    ('BMTSL2 1268NBNH','1''2"x6''8 BMT MAHOGANY 2PANEL S/L',6.0,5.0,2.0,68.0,102.0,4.0,NULL,NULL),
    ('BS684200 20 MIN','2''0x6''8x1 3/4 20 MIN BIRCH (CWS)',6.0,6.0,8.0,68.0,200.0,4.0,NULL,NULL),
    ('BS684204 20 MIN','2''4x6''8x1 3/4 20 MIN BIRCH (CWS)',6.0,6.0,8.0,68.0,204.0,4.0,NULL,NULL),
    ('BS684206 20 MIN','2''6x6''8x1 3/4 20 MIN BIRCH (CWS)',6.0,6.0,8.0,68.0,206.0,4.0,NULL,NULL),
    ('BS684208 20 MIN','2''8x6''8x1 3/4 20 MIN BIRCH (CWS)',6.0,6.0,8.0,68.0,208.0,4.0,NULL,NULL),
    ('BS684300 20 MIN','3''0x6''8x1 3/4 20 MIN BIRCH (CWS)',6.0,6.0,8.0,68.0,300.0,4.0,NULL,NULL),
    ('BS684306','3''6x6''8x1 3/4 SC BIRCH (CWS)',6.0,6.0,8.0,68.0,306.0,4.0,NULL,NULL),
    ('BS684306 20 MIN','3''6x6''8x1 3/4 SC BIRCH (CWS)',6.0,6.0,8.0,68.0,306.0,4.0,NULL,NULL),
    ('BS688103','1''3x6''8x1 3/8 SC BIRCH (FJS)',6.0,6.0,8.0,68.0,103.0,8.0,NULL,NULL),
    ('BS688106','1''6x6''8x1 3/8 SC BIRCH (FJS)',6.0,6.0,8.0,68.0,106.0,8.0,NULL,NULL),
    ('BS688110','1''10x6''8x1 3/8 SC BIRCH (FJS)',6.0,6.0,8.0,68.0,110.0,8.0,NULL,NULL),
    ('BS688200','2''0x6''8x1 3/8 SC BIRCH (FJS)',6.0,6.0,8.0,68.0,200.0,8.0,NULL,NULL),
    ('BS688204','2''4x6''8x1 3/8 SC BIRCH (FJS)',6.0,6.0,8.0,68.0,204.0,8.0,NULL,NULL),
    ('BS688206','2''6x6''8x1 3/8 SC BIRCH (FJS)',6.0,6.0,8.0,68.0,206.0,8.0,NULL,NULL),
    ('BS688208','2''8x6''8x1 3/8 SC BIRCH (FJS)',6.0,6.0,8.0,68.0,208.0,8.0,NULL,NULL),
    ('BS688300','3''0x6''8x1 3/8 SC BIRCH (FJS)',6.0,6.0,8.0,68.0,300.0,8.0,NULL,NULL),
    ('BS704300 20 MIN','3''0x7''0x1 3/4 SC BIRCH (CWS)',6.0,6.0,8.0,70.0,700.0,4.0,NULL,NULL),
    ('BS804106','1''6x8''0x1-3/4 SC BIRCH (CWS)',6.0,6.0,8.0,80.0,106.0,4.0,NULL,NULL),
    ('BS804200 20 MIN','2''0x8''0x1 3/4 20 MIN BIRCH (CWS)',6.0,6.0,8.0,80.0,200.0,4.0,NULL,NULL),
    ('BS804204 20 MIN','2''4x8''0x1 3/4 20 MIN BIRCH (CWS)',6.0,6.0,8.0,80.0,204.0,4.0,NULL,NULL),
    ('BS804206 20 MIN','2''6x8''0x1 3/4 20 MIN BIRCH (CWS)',6.0,6.0,8.0,80.0,206.0,4.0,NULL,NULL),
    ('BS804208 20 MIN','2''8x8''0x1 3/4 20 MIN BIRCH (CWS)',6.0,6.0,8.0,80.0,208.0,4.0,NULL,NULL),
    ('BS804300 20 MIN','3''0x8''0x1 3/4 20 MIN BIRCH (CWS)',6.0,6.0,8.0,80.0,300.0,4.0,NULL,NULL),
    ('BSN2 3068NBNH','3''0x6''8 BARRINGTON SIERRA 2P ARCH',6.0,6.0,2.0,68.0,300.0,4.0,NULL,NULL),
    ('BSP2 3068NBNH','3''0x6''8 SIERRA 2PANEL CT PLANK NBNH',6.0,6.0,2.0,68.0,300.0,4.0,NULL,NULL),
    ('BSP2 3080NBNH','3''0x8''0 SIERRA 2PANEL CT PLANK NBNH',6.0,6.0,2.0,80.0,300.0,4.0,NULL,NULL),
    ('BSP2 3680NBNH','3''6x8''0 SIERRA 2PANEL CT PLANK NBNH',6.0,6.0,2.0,80.0,306.0,4.0,NULL,NULL),
    ('CHH688100','1''0x6''8x1-3/8" HC CHEYENNE FBS',6.0,16.0,8.0,68.0,100.0,8.0,NULL,NULL),
    ('CHH688103','1''3x6''8x1-3/8" HC CHEYENNE FBS',6.0,16.0,8.0,68.0,103.0,8.0,NULL,NULL),
    ('CHH688104','1''4x6''8x1-3/8" HC CHEYENNE FBS',6.0,16.0,8.0,68.0,104.0,8.0,NULL,NULL),
    ('CHH688106','1''6x6''8x1-3/8" HC CHEYENNE FBS',6.0,16.0,8.0,68.0,106.0,8.0,NULL,NULL),
    ('CHH688108','1''8x6''8x1-3/8" HC CHEYENNE FBS',6.0,16.0,8.0,68.0,108.0,8.0,NULL,NULL),
    ('CHH688110','1''10x6''8x1-3/8" HC CHEYENNE FBS',6.0,16.0,8.0,68.0,110.0,8.0,NULL,NULL),
    ('CHH688200','2''0x6''8x1-3/8" HC CHEYENNE FBS',6.0,16.0,8.0,68.0,200.0,8.0,NULL,NULL),
    ('CHH688204','2''4x6''8x1-3/8" HC CHEYENNE FBS',6.0,16.0,8.0,68.0,204.0,8.0,NULL,NULL),
    ('CHH688206','2''6x6''8x1-3/8" HC CHEYENNE FBS',6.0,16.0,8.0,68.0,206.0,8.0,NULL,NULL),
    ('CHH688208','2''8x6''8x1-3/8" HC CHEYENNE FBS',6.0,16.0,8.0,68.0,208.0,8.0,NULL,NULL),
    ('CHH688300','3''0x6''8x1-3/8" HC CHEYENNE FBS',6.0,16.0,8.0,68.0,300.0,8.0,NULL,NULL),
    ('CHH808103','1''3x8''0x1-3/8" HC CHEYENNE FBS',6.0,16.0,8.0,80.0,103.0,8.0,NULL,NULL),
    ('CHH808104','1''4x8''0x1-3/8" HC CHEYENNE FBS',6.0,16.0,8.0,80.0,104.0,8.0,NULL,NULL),
    ('CHH808106','1''6x8''0x1-3/8" HC CHEYENNE FBS',6.0,16.0,8.0,80.0,106.0,8.0,NULL,NULL),
    ('CHH808200','2''0x8''0x1-3/8" HC CHEYENNE FBS',6.0,16.0,8.0,80.0,200.0,8.0,NULL,NULL),
    ('CHH808204','2''4x8''0x1-3/8" HC CHEYENNE FBS',6.0,16.0,8.0,80.0,204.0,8.0,NULL,NULL),
    ('CHH808206','2''6x8''0x1-3/8" HC CHEYENNE FBS',6.0,16.0,8.0,80.0,206.0,8.0,NULL,NULL),
    ('CHH808208','2''8x8''0x1-3/8" HC CHEYENNE FBS',6.0,16.0,8.0,80.0,208.0,8.0,NULL,NULL),
    ('CHH808300','3''0x8''0x1-3/8" HC CHEYENNE FBS',6.0,16.0,8.0,80.0,300.0,8.0,NULL,NULL),
    ('CHS684200 20 MIN','2''0x6''8x1-3/4" SC CHEYENNE 20 MIN.',6.0,16.0,8.0,68.0,200.0,4.0,NULL,NULL),
    ('CHS684204 20 MIN','2''4x6''8x1-3/4" SC CHEYENNE 20 MIN.',6.0,16.0,8.0,68.0,204.0,4.0,NULL,NULL),
    ('CHS684206 20 MIN','2''6x6''8x1-3/4" SC CHEYENNE 20 MIN.',6.0,16.0,8.0,68.0,206.0,4.0,NULL,NULL),
    ('CHS684208 20 MIN','2''8x6''8x1-3/4" SC CHEYENNE 20 MIN.',6.0,16.0,8.0,68.0,208.0,4.0,NULL,NULL),
    ('CHS684300 20 MIN','3''0x6''8x1-3/4" SC CHEYENNE 20 MIN.',6.0,16.0,8.0,68.0,300.0,4.0,NULL,NULL),
    ('CHS688103','1''3x6''8x1-3/8" SC CHEYENNE FJS',6.0,16.0,8.0,68.0,103.0,8.0,NULL,NULL),
    ('CHS688200','2''0x6''8x1-3/8" SC CHEYENNE FJS',6.0,16.0,8.0,68.0,200.0,8.0,NULL,NULL),
    ('CHS688204','2''4x6''8x1-3/8" SC CHEYENNE FJS',6.0,16.0,8.0,68.0,204.0,8.0,NULL,NULL),
    ('CHS688206','2''6x6''8x1-3/8" SC CHEYENNE FJS',6.0,16.0,8.0,68.0,206.0,8.0,NULL,NULL),
    ('CHS688208','2''8x6''8x1-3/8" SC CHEYENNE FJS',6.0,16.0,8.0,68.0,208.0,8.0,NULL,NULL),
    ('CHS688300','3''0x6''8x1-3/8" SC CHEYENNE FJS',6.0,16.0,8.0,68.0,300.0,8.0,NULL,NULL),
    ('CONMOREH688103','1''3x6''8x1-3/8 HC CONMORE 5 PANEL',6.0,16.0,8.0,68.0,103.0,8.0,NULL,NULL),
    ('CONMOREH688104','1''4x6''8x1-3/8 HC CONMORE 5 PANEL',6.0,16.0,8.0,68.0,104.0,8.0,NULL,NULL),
    ('CONMOREH688106','1''6x6''8x1-3/8 HC CONMORE 5 PANEL',6.0,16.0,8.0,68.0,106.0,8.0,NULL,NULL),
    ('CONMOREH688200','2''0x6''8x1-3/8 HC CONMORE 5 PANEL',6.0,16.0,8.0,68.0,200.0,8.0,NULL,NULL),
    ('CONMOREH688204','2''4x6''8x1-3/8 HC CONMORE 5 PANEL',6.0,16.0,8.0,68.0,204.0,8.0,NULL,NULL),
    ('CONMOREH688206','2''6x6''8x1-3/8 HC CONMORE 5 PANEL',6.0,16.0,8.0,68.0,206.0,8.0,NULL,NULL),
    ('CONMOREH688208','2''8x6''8x1-3/8 HC CONMORE 5 PANEL',6.0,16.0,8.0,68.0,208.0,8.0,NULL,NULL),
    ('CONMOREH688300','3''0x6''8x1-3/8 HC CONMORE 5 PANEL',6.0,16.0,8.0,68.0,300.0,8.0,NULL,NULL),
    ('CONMORES684200 20 MIN','2''0x6''8x1-3/4 20MIN CONMORE 5PANEL',6.0,16.0,8.0,68.0,200.0,4.0,NULL,NULL),
    ('CONMORES684204 20 MIN','2''4x6''8x1-3/4 20MIN CONMORE 5PANEL',6.0,16.0,8.0,68.0,204.0,4.0,NULL,NULL),
    ('CONMORES684206 20 MIN','2''6x6''8x1-3/4 20MIN CONMORE 5PANEL',6.0,16.0,8.0,68.0,206.0,4.0,NULL,NULL),
    ('CONMORES684208 20 MIN','2''8x6''8x1-3/4 20MIN CONMORE 5PANEL',6.0,16.0,8.0,68.0,208.0,4.0,NULL,NULL),
    ('CONMORES684300 20 MIN','3''0x6''8x1-3/4 20MIN CONMORE 5 PANEL',6.0,16.0,8.0,68.0,300.0,4.0,NULL,NULL),
    ('CONMORES688103','1''3x6''8x1-3/8 SC CONMORE 5 PANEL',6.0,16.0,8.0,68.0,103.0,8.0,NULL,NULL),
    ('CONMORES688104','1''4x6''8x1-3/8 SC CONMORE 5 PANEL',6.0,16.0,8.0,68.0,104.0,8.0,NULL,NULL),
    ('CONMORES688106','1''6x6''8x1-3/8 SC CONMORE 5 PANEL',6.0,16.0,8.0,68.0,106.0,8.0,NULL,NULL),
    ('CONMORES688200','2''0x6''8x1-3/8 SC CONMORE 5 PANEL',6.0,16.0,8.0,68.0,200.0,8.0,NULL,NULL),
    ('CONMORES688204','2''4x6''8x1-3/8 SC CONMORE 5 PANEL',6.0,16.0,8.0,68.0,204.0,8.0,NULL,NULL),
    ('CONMORES688206','2''6x6''8x1-3/8 SC CONMORE 5 PANEL',6.0,16.0,8.0,68.0,206.0,8.0,NULL,NULL),
    ('CONMORES688208','2''8x6''8x1-3/8 SC CONMORE 5 PANEL',6.0,16.0,8.0,68.0,208.0,8.0,NULL,NULL),
    ('CONMORES688300','3''0x6''8x1-3/8 SC CONMORE 5 PANEL',6.0,16.0,8.0,68.0,300.0,8.0,NULL,NULL),
    ('CRAFTSMANH688103','1''3x6''8x1-3/8 HC CRAFTSMAN3 3 PANEL',6.0,16.0,8.0,68.0,103.0,8.0,NULL,NULL),
    ('CRAFTSMANH688104','1''4x6''8x1-3/8 HC CRAFTSMAN3 3 PANEL',6.0,16.0,8.0,68.0,104.0,8.0,NULL,NULL),
    ('CRAFTSMANH688106','1''6x6''8x1-3/8 HC CRAFTSMAN3 3 PANEL',6.0,16.0,8.0,68.0,106.0,8.0,NULL,NULL),
    ('CRAFTSMANH688108','1''8x6''8x1-3/8 HC CRAFTSMAN3 3 PANEL',6.0,16.0,8.0,68.0,108.0,8.0,NULL,NULL),
    ('CRAFTSMANH688200','2''0x6''8x1-3/8 HC CRAFTSMAN3 3 PANEL',6.0,16.0,8.0,68.0,200.0,8.0,NULL,NULL),
    ('CRAFTSMANH688204','2''4x6''8x1-3/8 HC CRAFTSMAN3 3 PANEL',6.0,16.0,8.0,68.0,204.0,8.0,NULL,NULL),
    ('CRAFTSMANH688206','2''6x6''8x1-3/8 HC CRAFTSMAN3 3 PANEL',6.0,16.0,8.0,68.0,206.0,8.0,NULL,NULL),
    ('CRAFTSMANH688208','2''8x6''8x1-3/8 HC CRAFTSMAN3 3 PANEL',6.0,16.0,8.0,68.0,208.0,8.0,NULL,NULL),
    ('CRAFTSMANH688300','3''0x6''8x1-3/8 HC CRAFTSMAN3 3 PANEL',6.0,16.0,8.0,68.0,300.0,8.0,NULL,NULL),
    ('CRAFTSMANS684208 20 MIN','2''8x6''8x1-3/4 20MIN CRAFTSMAN3 3PAN',6.0,16.0,8.0,68.0,208.0,4.0,NULL,NULL),
    ('CRAFTSMANS684300 20 MIN','3''0x6''8x1-3/4 20MIN CRAFTSMAN3 3PAN',6.0,16.0,8.0,68.0,300.0,4.0,NULL,NULL),
    ('CRAFTSMANS688200','2''0x6''8x1-3/8 SC CRAFTSMAN3 3PANEL',6.0,16.0,8.0,68.0,200.0,8.0,NULL,NULL),
    ('CRAFTSMANS688204','2''4x6''8x1-3/8 SC CRAFTSMAN3 3PANEL',6.0,16.0,8.0,68.0,204.0,8.0,NULL,NULL),
    ('CRAFTSMANS688206','2''6x6''8x1-3/8 SC CRAFTSMAN3 3PANEL',6.0,16.0,8.0,68.0,206.0,8.0,NULL,NULL),
    ('CRAFTSMANS688208','2''8x6''8x1-3/8 SC CRAFTSMAN3 3PANEL',6.0,16.0,8.0,68.0,208.0,8.0,NULL,NULL),
    ('CRAFTSMANS688300','3''0x6''8x1-3/8 SC CRAFTSMAN3 3PANEL',6.0,16.0,8.0,68.0,300.0,8.0,NULL,NULL),
    ('DRA2A80 3080NBNH','3''0x8''0 RUSTIC 2PANEL ARCH PLANK',6.0,7.0,2.0,80.0,300.0,4.0,NULL,NULL),
    ('DRA2A80-36 3680NBNH','3''6x8''0 RUSTIC 2PANEL ARCH PLANK',6.0,7.0,2.0,80.0,306.0,4.0,NULL,NULL),
    ('DRA2D-36 3668NBNH','3''6x6''8 RUSTIC 2PANEL ARCH RAISED',6.0,7.0,2.0,68.0,306.0,4.0,NULL,NULL),
    ('DRF3F 2868NBNH','2''8x6''8 3 PANEL CRAFTSMAN FIR',6.0,8.0,3.0,68.0,208.0,4.0,NULL,NULL),
    ('DRF3F 3068NBNH','3''0x6''8 3 PANEL CRAFTSMAN FIR',6.0,8.0,3.0,68.0,300.0,4.0,NULL,NULL),
    ('DRF3F80 3080NBNH','3''0x8''0 3 PANEL CRAFTSMAN FIR',6.0,8.0,3.0,80.0,300.0,4.0,NULL,NULL),
    ('DRF50 2868NBNH','2''8x6''8 5 PAN SHAKER FIR',6.0,8.0,5.0,68.0,208.0,4.0,NULL,NULL),
    ('DRF50 3068NBNH','3''0x6''8 5 PAN SHAKER FIR',6.0,8.0,5.0,68.0,300.0,4.0,NULL,NULL),
    ('DRG29 2868NBNH 2 PANEL','2''8x6''8 3/4 2 PANEL OAK 2 PANEL',6.0,9.0,2.0,68.0,208.0,4.0,NULL,NULL),
    ('DRG29 2868NBNH 22X48','2''8x6''8 3/4 2 PANEL OAK C/O 22X48',6.0,9.0,2.0,68.0,208.0,4.0,NULL,NULL),
    ('DRG29 3068NBNH 2 PANEL','3''0x6''8 3/4 2 PANEL OAK 2 PANEL',6.0,9.0,2.0,68.0,300.0,4.0,NULL,NULL),
    ('DRG29 3068NBNH 22X48','3''0x6''8 3/4 2 PANEL OAK C/O 22X48',6.0,9.0,2.0,68.0,300.0,4.0,NULL,NULL),
    ('DRG2980 3080NBNH 22X64','3''0x8''0 3/4 2 PANEL OAK C/O 22X64',6.0,9.0,2.0,80.0,300.0,4.0,NULL,NULL),
    ('DRS00T 3068NBNH','3''0x6''8 SMOOTH WHITE TRIMMABLE',6.0,10.0,3.0,68.0,300.0,4.0,NULL,NULL),
    ('DRS3F 2868NBNH','2''8x6''8 3 PAN CRAFTSMAN SM.WHITE',6.0,10.0,3.0,68.0,208.0,4.0,NULL,NULL),
    ('DRS3F 3068NBNH','3''0x6''8 3 PAN CRAFTSMAN SM.WHITE',6.0,10.0,3.0,68.0,300.0,4.0,NULL,NULL),
    ('DRS3F80 3080NBNH','3''0x8''0 3 PANEL CRAFTSMAN SMOOTH',6.0,10.0,3.0,80.0,300.0,4.0,NULL,NULL),
    ('DRS41 3068NBNH','3''0x6''8 4 PANEL SMOOTH FIBERGLASS',6.0,10.0,4.0,68.0,300.0,4.0,NULL,NULL),
    ('DRS50 2868NBNH','2''8x6''8 5 PAN SHAKER SM.WHITE',6.0,10.0,5.0,68.0,208.0,4.0,NULL,NULL),
    ('DRS50 3068NBNH','3''0x6''8 5 PAN SHAKER SM.WHITE',6.0,10.0,5.0,68.0,300.0,4.0,NULL,NULL),
    ('FROST 10LPIN688200','2''0x6''8x1-3/8 10 LITE FROSTED PINE',1.0,18.0,8.0,68.0,200.0,8.0,NULL,NULL),
    ('FROST 15LPIN688300','3''0x6''8x1-3/8 15 LITE FROSTED PINE',3.0,18.0,8.0,68.0,300.0,8.0,NULL,NULL),
    ('FROST 1LPIN688200','2''0x6''8x1-3/8 1LT FROSTED PINE',5.0,18.0,8.0,68.0,200.0,8.0,NULL,NULL),
    ('FROST 1LPIN688204','2''4x6''8x1-3/8 1LT FROSTED PINE',5.0,18.0,8.0,68.0,204.0,8.0,NULL,NULL),
    ('FROST 1LPIN688206','2''6x6''8x1-3/8 1LT FROSTED PINE',5.0,18.0,8.0,68.0,206.0,8.0,NULL,NULL),
    ('FROST 1LPIN688208','2''8x6''8x1-3/8 1LT FROSTED PINE',5.0,18.0,8.0,68.0,208.0,8.0,NULL,NULL),
    ('FROST 1LPIN688300','3''0x6''8x1-3/8 1LT FROSTED PINE',5.0,18.0,8.0,68.0,300.0,8.0,NULL,NULL),
    ('FROST 1LPIN808200','2''0x8''0x1 3/8 1LT FROSTED PINE',5.0,18.0,8.0,80.0,200.0,8.0,NULL,NULL),
    ('FROST 5LHORPIN688106','1''6x6''8x1-3/8 RAD4605 5 LT FROSTED',7.0,18.0,8.0,68.0,106.0,8.0,NULL,NULL),
    ('FROST 5LHORPIN688200','2''0x6''8x1-3/8 RAD4605 5 LT FROSTED',7.0,18.0,8.0,68.0,200.0,8.0,NULL,NULL),
    ('FROST 5LHORPIN688204','2''4x6''8x1-3/8 RAD4605 5 LT FROSTED',7.0,18.0,8.0,68.0,204.0,8.0,NULL,NULL),
    ('FROST 5LHORPIN688206','2''6x6''8x1-3/8 RAD4605 5 LT FROSTED',7.0,18.0,8.0,68.0,206.0,8.0,NULL,NULL),
    ('FROST 5LHORPIN688208','2''8x6''8x1-3/8 RAD4605 5 LT FROSTED',7.0,18.0,8.0,68.0,208.0,8.0,NULL,NULL),
    ('FROST 5LHORPIN688300','3''0x6''8x1-3/8 RAD4605 5 LT FROSTED',7.0,18.0,8.0,68.0,300.0,8.0,NULL,NULL),
    ('FROST 5LPIN688106','1''6x6''8x1-3/8 FROSTED 5 LITE PINE',7.0,18.0,8.0,68.0,106.0,8.0,NULL,NULL),
    ('GLAD2PARC 2880NBNH','2''8x8''0x1-3/4 2ARCH RAISED PANEL FG',6.0,16.0,2.0,80.0,208.0,4.0,NULL,NULL),
    ('GLAD2PARC 3080NBNH','3''0x8''0x1-3/4 2ARCH RAISED PANEL FG',6.0,16.0,2.0,80.0,300.0,4.0,NULL,NULL),
    ('GLAD2PARCVGR 3068NBNH','3''0x6''8x1-3/4 2 ARCH PLANK PANEL FG',6.0,16.0,2.0,68.0,300.0,4.0,NULL,NULL),
    ('GLAD2PARCVGR 3080NBNH','3''0x8''0x1-3/4 2 ARCH PLANK PANEL FG',6.0,16.0,2.0,80.0,300.0,4.0,NULL,NULL),
    ('HARVESTCAST 1LPIN688200','2''0x6''8x1-3/8 HARVEST CASTING PINE',5.0,19.0,8.0,68.0,200.0,8.0,NULL,NULL),
    ('HFT3C 2868NBNH 217','2''8x6''8 HERITAGE FIR 3 PANEL',6.0,12.0,3.0,68.0,208.0,4.0,NULL,NULL),
    ('HFT3C 3068NBNH 217','3''0x6''8 HERITAGE FIR 3 PANEL',6.0,12.0,3.0,68.0,300.0,4.0,NULL,NULL),
    ('HFT3C 3080NBNH','3''0x8''0 HERITAGE FIR 3 PANEL',6.0,12.0,3.0,80.0,300.0,4.0,NULL,NULL),
    ('HFT3C 3080NBNH 217','3''0x8''0 HERITAGE FIR 3 PANEL',6.0,12.0,3.0,80.0,300.0,4.0,NULL,NULL),
    ('HFTSL2C 1068NBNH 617','1''0x6''8 HERITAGE FIR 2 PANEL',6.0,12.0,2.0,68.0,100.0,4.0,NULL,NULL),
    ('HFTSL2C 1268NBNH 617','1''2x6''8 HERITAGE FIR 2 PANEL',6.0,12.0,2.0,68.0,102.0,4.0,NULL,NULL),
    ('HGS3C 2868NBNH 217','2''8x6''8 HERITAGE SMOOTH 3 PANEL',6.0,13.0,3.0,68.0,208.0,4.0,NULL,NULL),
    ('HGS3C 3068NBNH 217','3''0x6''8 HERITAGE SMOOTH 3P 22X17',6.0,13.0,3.0,68.0,300.0,4.0,NULL,NULL),
    ('HGS3C 3080NBNH','3''0x8''0 HERITAGE SMOOTH 3 PANEL',6.0,13.0,3.0,80.0,300.0,4.0,NULL,NULL),
    ('HGS3C 3080NBNH 217','3''0x8''0 HERITAGE SMOOTH 3 PANEL',6.0,13.0,3.0,80.0,300.0,4.0,NULL,NULL),
    ('HGSSL2C 1068NBNH 617','1''0x6''8 HERITAGE SMOOTH 2 PANEL',6.0,13.0,2.0,68.0,100.0,4.0,NULL,NULL),
    ('HGSSL2C 1268NBNH 617','1''2x6''8 HERITAGE SMOOTH 2 PANEL',6.0,13.0,2.0,68.0,102.0,4.0,NULL,NULL),
    ('LAUNDRY 1LPIN688208','2''8x6''8x1-3/8 LAUNDRY PINE',5.0,19.0,8.0,68.0,208.0,8.0,NULL,NULL),
    ('LAUNDRY 1LPIN688300','3''0x6''8x1-3/8 LAUNDRY PINE',5.0,19.0,8.0,68.0,300.0,8.0,NULL,NULL),
    ('LINCOLNH688103','1''3x6''8x1 3/8 HC LINCOLN PARK',6.0,16.0,8.0,68.0,103.0,8.0,NULL,NULL),
    ('LINCOLNH688104','1''4x6''8x1 3/8 HC LINCOLN PARK',6.0,16.0,8.0,68.0,104.0,8.0,NULL,NULL),
    ('LINCOLNH688106','1''6x6''8x1 3/8 HC LINCOLN PARK',6.0,16.0,8.0,68.0,106.0,8.0,NULL,NULL),
    ('LINCOLNH688200','2''0x6''8x1 3/8 HC LINCOLN PARK',6.0,16.0,8.0,68.0,200.0,8.0,NULL,NULL),
    ('LINCOLNH688204','2''4x6''8x1 3/8 HC LINCOLN PARK',6.0,16.0,8.0,68.0,204.0,8.0,NULL,NULL),
    ('LINCOLNH688206','2''6x6''8x1 3/8 HC LINCOLN PARK',6.0,16.0,8.0,68.0,206.0,8.0,NULL,NULL),
    ('LINCOLNH688208','2''8x6''8x1 3/8 HC LINCOLN PARK',6.0,16.0,8.0,68.0,208.0,8.0,NULL,NULL),
    ('LINCOLNH688300','3''0x6''8x1 3/8 HC LINCOLN PARK',6.0,16.0,8.0,68.0,300.0,8.0,NULL,NULL),
    ('LINCOLNS684204 20MIN','2''4x6''8x1-3/4" SC LINCOLN PARK',6.0,16.0,8.0,68.0,204.0,4.0,NULL,NULL),
    ('LINCOLNS684206 20MIN','2''6x6''8x1-3/4" SC LINCOLN PARK',6.0,16.0,8.0,68.0,206.0,4.0,NULL,NULL),
    ('LINCOLNS684208 20 MIN','2''8x6''8x1-3/4" SC LINCOLN PARK',6.0,16.0,8.0,68.0,208.0,4.0,NULL,NULL),
    ('LINCOLNS684300 20 MIN','3''0x6''8x1-3/4" SC LINCOLN PARK',6.0,16.0,8.0,68.0,300.0,4.0,NULL,NULL),
    ('LOGH688104','1''4x6''8x1 3/8 HC LOGAN',6.0,16.0,8.0,68.0,104.0,8.0,NULL,NULL),
    ('LOGH688106','1''6x6''8x1 3/8 HC LOGAN',6.0,16.0,8.0,68.0,106.0,8.0,NULL,NULL),
    ('LOGH688200','2''0x6''8x1 3/8 HC LOGAN',6.0,16.0,8.0,68.0,200.0,8.0,NULL,NULL),
    ('LOGH688204','2''4x6''8x1 3/8 HC LOGAN',6.0,16.0,8.0,68.0,204.0,8.0,NULL,NULL),
    ('LOGH688206','2''6x6''8x1 3/8 HC LOGAN',6.0,16.0,8.0,68.0,206.0,8.0,NULL,NULL),
    ('LOGH688208','2''8x6''8x1 3/8 HC LOGAN',6.0,16.0,8.0,68.0,208.0,8.0,NULL,NULL),
    ('LOGH688300','3''0x6''8x1 3/8 HC LOGAN',6.0,16.0,8.0,68.0,300.0,8.0,NULL,NULL),
    ('LOGS684200 20 MIN','2''0x6''8x1 3/4" SC LOGAN 20 MIN',6.0,16.0,8.0,68.0,200.0,4.0,NULL,NULL),
    ('LOGS684204 20 MIN','2''4x6''8x1 3/4" SC LOGAN 20 MIN',6.0,16.0,8.0,68.0,204.0,4.0,NULL,NULL),
    ('LOGS684206 20 MIN','2''6x6''8x1 3/4" SC LOGAN 20 MIN',6.0,16.0,8.0,68.0,206.0,4.0,NULL,NULL),
    ('LOGS684208 20 MIN','2''8x6''8x1 3/4" SC LOGAN 20 MIN',6.0,16.0,8.0,68.0,208.0,4.0,NULL,NULL),
    ('LOGS684300 20 MIN','3''0x6''8x1-3/4" SC LOGAN 20 MIN',6.0,16.0,8.0,68.0,300.0,4.0,NULL,NULL),
    ('LOGS688103','1''3x6''8x1 3/8 SC LOGAN',6.0,16.0,8.0,68.0,103.0,8.0,NULL,NULL),
    ('LOGS688104','1''4x6''8x1 3/8 SC LOGAN',6.0,16.0,8.0,68.0,104.0,8.0,NULL,NULL),
    ('LOGS688106','1''6x6''8x1 3/8 SC LOGAN',6.0,16.0,8.0,68.0,106.0,8.0,NULL,NULL),
    ('LOGS688200','2''0x6''8x1 3/8 SC LOGAN',6.0,16.0,8.0,68.0,200.0,8.0,NULL,NULL),
    ('LOGS688204','2''4x6''8x1 3/8 SC LOGAN',6.0,16.0,8.0,68.0,204.0,8.0,NULL,NULL),
    ('LOGS688206','2''6x6''8x1 3/8 SC LOGAN',6.0,16.0,8.0,68.0,206.0,8.0,NULL,NULL),
    ('LOGS688208','2''8x6''8x1 3/8 SC LOGAN',6.0,16.0,8.0,68.0,208.0,8.0,NULL,NULL),
    ('LOGS688300','3''0x6''8x1 3/8 SC LOGAN',6.0,16.0,8.0,68.0,300.0,8.0,NULL,NULL),
    ('MADISONH688106','1''6x6''8x1-3/8 HC MADISON 1 PANEL',6.0,16.0,8.0,68.0,106.0,8.0,NULL,NULL),
    ('MADISONH688200','2''0x6''8x1-3/8 HC MADISON 1 PANEL',6.0,16.0,8.0,68.0,200.0,8.0,NULL,NULL),
    ('MADISONH688204','2''4x6''8x1-3/8 HC MADISON 1 PANEL',6.0,16.0,8.0,68.0,204.0,8.0,NULL,NULL),
    ('MADISONH688206','2''6x6''8x1-3/8 HC MADISON 1 PANEL',6.0,16.0,8.0,68.0,206.0,8.0,NULL,NULL),
    ('MADISONH688208','2''8x6''8x1-3/8 HC MADISON 1 PANEL',6.0,16.0,8.0,68.0,208.0,8.0,NULL,NULL),
    ('MADISONH688300','3''0x6''8x1-3/8 HC MADISON 1 PANEL',6.0,16.0,8.0,68.0,300.0,8.0,NULL,NULL),
    ('MADISONS684208 20 MIN','2''8x6''8x1-3/4 20MIN MADISON 1 PANEL',6.0,16.0,8.0,68.0,208.0,4.0,NULL,NULL),
    ('MADISONS684300 20 MIN','3''0x6''8x1-3/4 20MIN MADISON 1 PANEL',6.0,16.0,8.0,68.0,300.0,4.0,NULL,NULL),
    ('MG2PAKALPLK 2868NBNH','2''8x6''8x1-3/4 2PANEL ARCH PLANK',6.0,14.0,2.0,68.0,208.0,4.0,NULL,NULL),
    ('MG2PAKALPLK 3068NBNH','3''0x6''8x1-3/4 2PANEL ARCH PLANK',6.0,14.0,2.0,68.0,300.0,4.0,NULL,NULL),
    ('MG2PAKALPLK 3080NBNH','3''0x8''0x1-3/4 2PANEL ARCH PLANK',6.0,14.0,2.0,80.0,300.0,4.0,NULL,NULL),
    ('MG2PAKALRP 3068NBNH','3''0x6''8x1-3/4 2PANEL ARCH RAISED',6.0,14.0,2.0,68.0,300.0,4.0,NULL,NULL),
    ('MHD2CT 2868NBNH','2''8x6''8 MHD 2P ROMAN NBNH',6.0,15.0,2.0,68.0,208.0,4.0,NULL,NULL),
    ('MHD2CT 3068NBNH','3''0x6''8 MHD 2P ROMAN NBNH',6.0,15.0,2.0,68.0,300.0,4.0,NULL,NULL),
    ('MHD2P 2868NBNH','2''8x6''8 MHD 2P CHEYENNE NBNH',6.0,15.0,2.0,68.0,208.0,4.0,NULL,NULL),
    ('MHD2P 3068NBNH','3''0x6''8 MHD 2PANEL CHEYENNE NBNH',6.0,15.0,2.0,68.0,300.0,4.0,NULL,NULL),
    ('MHD3 3068NBNH','3''0x6''8 MHD 3 PANEL ARCH NBNH',6.0,15.0,3.0,68.0,300.0,4.0,NULL,NULL);
INSERT INTO Doors VALUES
    ('MHD3C 2868NBNH','2''8x6''8 MHD 3 PANEL CRAFTSMAN NBNH',6.0,15.0,3.0,68.0,208.0,4.0,NULL,NULL),
    ('MHD3C 3068NBNH','3''0x6''8 MHD 3 PANEL CRAFTSMAN NBNH',6.0,15.0,3.0,68.0,300.0,4.0,NULL,NULL),
    ('MHD3E 2868NBNH','2''8x6''8 MHD 3 PANEL EQUAL NBNH',6.0,15.0,3.0,68.0,208.0,4.0,NULL,NULL),
    ('MHD3E 3068NBNH','3''0x6''8 MHD 3 PANEL EQUAL NBNH',6.0,15.0,3.0,68.0,300.0,4.0,NULL,NULL),
    ('MHD4BT 2868NBNH','2''8x6''8 MHD 4PANEL BT NBNH',6.0,15.0,4.0,68.0,208.0,4.0,NULL,NULL),
    ('MHD4BT 3068NBNH','3''0x6''8 MHD 4PANEL BT NBNH',6.0,15.0,4.0,68.0,300.0,4.0,NULL,NULL),
    ('MHD6 2668DBNH','2''6x6''8 MHD 6 PANEL DBNH',6.0,15.0,6.0,68.0,206.0,4.0,NULL,NULL),
    ('MHD6 2668NBNH','2''6x6''8 MHD 6 PANEL NBNH',6.0,15.0,6.0,68.0,206.0,4.0,NULL,NULL),
    ('MHD6 2868DBNH','2''8x6''8 MHD 6 PANEL DBNH',6.0,15.0,6.0,68.0,208.0,4.0,NULL,NULL),
    ('MHD6 2868NBNH','2''8x6''8 MHD 6 PANEL NBNH',6.0,15.0,6.0,68.0,208.0,4.0,NULL,NULL),
    ('MHD6 3068DBNH','3''0x6''8 MHD 6 PANEL DBNH',6.0,15.0,6.0,68.0,300.0,4.0,NULL,NULL),
    ('MHD6 3068NBNH','3''0x6''8 MHD 6 PANEL NBNH',6.0,15.0,6.0,68.0,300.0,4.0,NULL,NULL),
    ('MHD9 3068NBNH','3''0x6''8 MHD 9 PANEL NBNH',6.0,15.0,7.0,68.0,300.0,4.0,NULL,NULL),
    ('MHDSLX 1068NBNH 152','1''0x6''8 MHD FLUSH 7X64 CUTOUT',6.0,15.0,8.0,68.0,100.0,4.0,NULL,NULL),
    ('MHDX 2068NBNH','2''0x6''8 MHD FLUSH NBNH',6.0,15.0,8.0,68.0,200.0,4.0,NULL,NULL),
    ('MHDX 2668DBNH','2''6x6''8 MHD FLUSH DBNH',6.0,15.0,8.0,68.0,206.0,4.0,NULL,NULL),
    ('MHDX 2668DBNH 120','2''6x6''8 MHD FLUSH DBNH 20X64',6.0,15.0,8.0,68.0,206.0,4.0,NULL,NULL),
    ('MHDX 2668NBNH','2''6x6''8 MHD FLUSH NBNH',6.0,15.0,8.0,68.0,206.0,4.0,NULL,NULL),
    ('MHDX 2668NBNH 120','2''6x6''8 MHD FLUSH NBNH 20X64',6.0,15.0,8.0,68.0,206.0,4.0,NULL,NULL),
    ('MHDX 2868DBNH','2''8x6''8 MHD FLUSH DBNH',6.0,15.0,8.0,68.0,208.0,4.0,NULL,NULL),
    ('MHDX 2868DBNH 122','2''8x6''8 MHD FLUSH DBNH 22X64',6.0,15.0,8.0,68.0,208.0,4.0,NULL,NULL),
    ('MHDX 2868NBNH','2''8x6''8 MHD FLUSH NBNH',6.0,15.0,8.0,68.0,208.0,4.0,NULL,NULL),
    ('MHDX 2868NBNH 122','2''8x6''8 MHD FLUSH NBNH 22X64',6.0,15.0,8.0,68.0,208.0,4.0,NULL,NULL),
    ('MHDX 2880NBNH','2''8x8''0 MHD FLUSH NBNH',6.0,15.0,8.0,80.0,208.0,4.0,NULL,NULL),
    ('MHDX 2880NBNH 810','2''8x8''0 MHD FLUSH NBNH 22X80',6.0,15.0,8.0,80.0,208.0,4.0,NULL,NULL),
    ('MHDX 3068DBNH','3''0x6''8 MHD FLUSH DBNH',6.0,15.0,8.0,68.0,300.0,4.0,NULL,NULL),
    ('MHDX 3068DBNH 122','3''0x6''8 MHD FLUSH DBNH 22X64',6.0,15.0,8.0,68.0,300.0,4.0,NULL,NULL),
    ('MHDX 3068NBNH','3''0x6''8 MHD FLUSH NBNH',6.0,15.0,8.0,68.0,300.0,4.0,NULL,NULL),
    ('MHDX 3068NBNH 122','3''0x6''8 MHD FLUSH NBNH 22X64',6.0,15.0,8.0,68.0,300.0,4.0,NULL,NULL),
    ('MHDX 3080NBNH','3''0x8''0 MHD FLUSH NBNH',6.0,15.0,8.0,80.0,300.0,4.0,NULL,NULL),
    ('MONROEH688106','1''6x6''8x1-3/8 HC MONROE 2 PANEL',6.0,16.0,8.0,68.0,106.0,8.0,NULL,NULL),
    ('MONROEH688200','2''0x6''8x1-3/8 HC MONROE 2 PANEL',6.0,16.0,8.0,68.0,200.0,8.0,NULL,NULL),
    ('MONROEH688204','2''4x6''8x1-3/8 HC MONROE 2 PANEL',6.0,16.0,8.0,68.0,204.0,8.0,NULL,NULL),
    ('MONROEH688206','2''6x6''8x1-3/8 HC MONROE 2 PANEL',6.0,16.0,8.0,68.0,206.0,8.0,NULL,NULL),
    ('MONROEH688208','2''8x6''8x1-3/8 HC MONROE 2 PANEL',6.0,16.0,8.0,68.0,208.0,8.0,NULL,NULL),
    ('MONROEH688300','3''0x6''8x1-3/8 HC MONROE 2 PANEL',6.0,16.0,8.0,68.0,300.0,8.0,NULL,NULL),
    ('MONROES684200 20 MIN','2''0x6''8x1 3/4" SC MONROE 20 MIN',6.0,16.0,8.0,68.0,200.0,4.0,NULL,NULL),
    ('MONROES684206 20 MIN','2''6x6''8x1 3/4" SC MONROE 20 MIN',6.0,16.0,8.0,68.0,206.0,4.0,NULL,NULL),
    ('MONROES684208 20 MIN','2''8x6''8x1-3/4 SC MONROE 20 MIN',6.0,16.0,8.0,68.0,208.0,4.0,NULL,NULL),
    ('MONROES688104','1''4x6''8x1 3/8 SC MONROE',6.0,16.0,8.0,68.0,104.0,8.0,NULL,NULL),
    ('MONROES688106','1''6x6''8x1 3/8 SC MONROE',6.0,16.0,8.0,68.0,106.0,8.0,NULL,NULL),
    ('MONROES688200','2''0x6''8x1 3/8 SC MONROE',6.0,16.0,8.0,68.0,200.0,8.0,NULL,NULL),
    ('MONROES688204','2''4x6''8x1 3/8 SC MONROE',6.0,16.0,8.0,68.0,204.0,8.0,NULL,NULL),
    ('MONROES688206','2''6x6''8x1 3/8 SC MONROE',6.0,16.0,8.0,68.0,206.0,8.0,NULL,NULL),
    ('MONROES688208','2''8x6''8x1 3/8 SC MONROE',6.0,16.0,8.0,68.0,208.0,8.0,NULL,NULL),
    ('MONROES688300','3''0x6''8x1 3/8 SC MONROE',6.0,16.0,8.0,68.0,300.0,8.0,NULL,NULL),
    ('OAK3 2868NBNH','2''8x6''8" OAKCRAFT 3 PANEL ARCH NBNH',6.0,17.0,3.0,68.0,208.0,4.0,NULL,NULL),
    ('OAK3 3068NBNH','3''0x6''8" OAKCRAFT 3 PANEL NBNH',6.0,17.0,3.0,68.0,300.0,4.0,NULL,NULL),
    ('OAK3 3068NBNH 304','3''0x6''8 OAKCRAFT 3PAN NBNH 16X40OV',6.0,17.0,3.0,68.0,300.0,4.0,NULL,NULL),
    ('OAK3 3068NBNH 404','3''0x6''8 OAKCRAFT 3PANEL NBNH 22X48',6.0,17.0,3.0,68.0,300.0,4.0,NULL,NULL),
    ('OAK4BT 2868NBNH','2''8x6''8" OAKCRAFT 4PAN BLANK NBNH',6.0,17.0,4.0,68.0,208.0,4.0,NULL,NULL),
    ('OAK4BT 3068NBNH','3''0x6''8" OAKCRAFT 4PAN BLANK NBNH',6.0,17.0,4.0,68.0,300.0,4.0,NULL,NULL),
    ('OAK6 2668NBNH','2''6x6''8 OAKCRAFT 6 PANEL NBNH',6.0,17.0,6.0,68.0,206.0,4.0,NULL,NULL),
    ('OAK6 2868NBNH','2''8x6''8 OAKCRAFT 6 PANEL NBNH',6.0,17.0,6.0,68.0,208.0,4.0,NULL,NULL),
    ('OAK6 2880NBNH','2''8x8''0 OAKCRAFT 6 PANEL NBNH',6.0,17.0,6.0,80.0,208.0,4.0,NULL,NULL),
    ('OAK6 3068NBNH','3''0x6''8 OAKCRAFT 6 PANEL NBNH',6.0,17.0,6.0,68.0,300.0,4.0,NULL,NULL),
    ('OAK6 3080NBNH','3''0x8''0 OAKCRAFT 6 PANEL NBNH',6.0,17.0,6.0,80.0,300.0,4.0,NULL,NULL),
    ('OAKSL1 1068NBNH 129','1''0"x6''8 OAKCRAFT 1P S/L 8x36',6.0,17.0,1.0,68.0,100.0,4.0,NULL,NULL),
    ('OAKSL1K 1068NBNH 450','1''0"x6''8" OAKCRAFT 1P S/L 8x48',6.0,17.0,1.0,68.0,100.0,4.0,NULL,NULL),
    ('OAKSL1K 1268NBNH 450','1''2"x6''8" OAKCRAFT 1P S/L 8x48',6.0,17.0,1.0,68.0,102.0,4.0,NULL,NULL),
    ('OAKSLX 1068NBNH 152','1''0x6''8" OAKCRAFT S/L 7x64',6.0,17.0,8.0,68.0,100.0,4.0,NULL,NULL),
    ('OAKSLX 1080NBNH 852','1''0"x8''0 OAKCRAFT S/L 8x80',6.0,17.0,8.0,80.0,100.0,4.0,NULL,NULL),
    ('OAKSLX 1268NBNH','1''2"x6''8" OAKCRAFT SIDELITE',6.0,17.0,8.0,68.0,102.0,4.0,NULL,NULL),
    ('OAKSLX 1268NBNH 152','1''2"x6''8" OAKCRAFT S/L 7x64',6.0,17.0,8.0,68.0,102.0,4.0,NULL,NULL),
    ('OAKX 2068NBNH','2''0x6''8 OAKCRAFT FLUSH NBNH',6.0,17.0,8.0,68.0,200.0,4.0,NULL,NULL),
    ('OAKX 2080NBNH','2''0x8''0 OAKCRAFT FLUSH NBNH',6.0,17.0,8.0,80.0,200.0,4.0,NULL,NULL),
    ('OAKX 21068NBNH','2''10x6''8 OAKCRAFT FLUSH NBNH',6.0,17.0,8.0,68.0,100.0,4.0,NULL,NULL),
    ('OAKX 2668NBNH','2''6x6''8 OAKCRAFT FLUSH NBNH',6.0,17.0,8.0,68.0,206.0,4.0,NULL,NULL),
    ('OAKX 2668NBNH 120','2''6x6''8 OAKCRAFT FLUSH NBNH 20X64',6.0,17.0,8.0,68.0,206.0,4.0,NULL,NULL),
    ('OAKX 2668NBNH PATIO','2''6x6''8 OAKCRAFT FLUSH PATIO SIZE',6.0,17.0,8.0,68.0,206.0,4.0,NULL,NULL),
    ('OAKX 2680NBNH','2''6x8''0 OAKCRAFT FLUSH NBNH',6.0,17.0,8.0,80.0,206.0,4.0,NULL,NULL),
    ('OAKX 2868NBNH','2''8x6''8 OAKCRAFT FLUSH NBNH',6.0,17.0,8.0,68.0,208.0,4.0,NULL,NULL),
    ('OAKX 2868NBNH 122','2''8x6''8 OAKCRAFT FLUSH NBNH 22X64',6.0,17.0,8.0,68.0,208.0,4.0,NULL,NULL),
    ('OAKX 2880NBNH','2''8x8''0 OAKCRAFT FLUSH NBNH',6.0,17.0,8.0,80.0,208.0,4.0,NULL,NULL),
    ('OAKX 2880NBNH 810','2''8x8''0 OAKCRAFT FLUSH NBNH 22X80',6.0,17.0,8.0,80.0,208.0,4.0,NULL,NULL),
    ('OAKX 3068NBNH','3''0x6''8 OAKCRAFT FLUSH NBNH',6.0,17.0,8.0,68.0,300.0,4.0,NULL,NULL),
    ('OAKX 3068NBNH 122','3''0x6''8 OAKCRAFT FLUSH NBNH 22X64',6.0,17.0,8.0,68.0,300.0,4.0,NULL,NULL),
    ('OAKX 3068NBNH 122 REPL','3''0x6''8 OAKCRAFT FLUSH 22X64 REPL',6.0,17.0,8.0,68.0,300.0,4.0,NULL,NULL),
    ('OAKX 3068NBNH PATIO','3''0x6''8 OAKCRAFT FLUSH PATIO SIZE',6.0,17.0,8.0,68.0,300.0,4.0,NULL,NULL),
    ('OAKX 3080NBNH','3''0x8''0 OAKCRAFT FLUSH NBNH',6.0,17.0,8.0,80.0,300.0,4.0,NULL,NULL),
    ('OAKX 3080NBNH 810','3''0x8''0 OAKCRAFT FLUSH NBNH 22X80',6.0,17.0,8.0,80.0,300.0,4.0,NULL,NULL),
    ('OH688103','1''3x6''8x1 3/8 HC RED OAK (FJS)',6.0,22.0,8.0,68.0,103.0,8.0,NULL,NULL),
    ('OH688106','1''6x6''8x1 3/8 HC RED OAK (FJS)',6.0,22.0,8.0,68.0,106.0,8.0,NULL,NULL),
    ('OH688108','1''8x6''8x1 3/8 HC RED OAK (FJS)',6.0,22.0,8.0,68.0,108.0,8.0,NULL,NULL),
    ('OH688200','2''0x6''8x1 3/8 HC RED OAK (FJS)',6.0,22.0,8.0,68.0,200.0,8.0,NULL,NULL),
    ('OH688204','2''4x6''8x1 3/8 HC RED OAK (FJS)',6.0,22.0,8.0,68.0,204.0,8.0,NULL,NULL),
    ('OH688206','2''6x6''8x1 3/8 HC RED OAK (FJS)',6.0,22.0,8.0,68.0,206.0,8.0,NULL,NULL),
    ('OH688208','2''8x6''8x1 3/8 HC RED OAK (FJS)',6.0,22.0,8.0,68.0,208.0,8.0,NULL,NULL),
    ('OH688300','3''0x6''8x1 3/8 HC RED OAK (FJS)',6.0,22.0,8.0,68.0,300.0,8.0,NULL,NULL),
    ('OS684200 20 MIN','2''0x6''8x1 3/4 20 MIN RED OAK (CWS)',6.0,18.0,8.0,68.0,200.0,4.0,NULL,NULL),
    ('OS684206 20 MIN','2''6x6''8x1 3/4 20 MIN RED OAK (CWS)',6.0,18.0,8.0,68.0,206.0,4.0,NULL,NULL),
    ('OS684208 20 MIN','2''8x6''8x1 3/4 20 MIN RED OAK (CWS)',6.0,18.0,8.0,68.0,208.0,4.0,NULL,NULL),
    ('OS684300 20 MIN','3''0x6''8x1 3/4 20 MIN RED OAK (CWS)',6.0,18.0,8.0,68.0,300.0,4.0,NULL,NULL),
    ('OS684306 20 MIN','3''6x6''8x1 3/4 SC RED OAK 20 MIN.',6.0,18.0,8.0,68.0,306.0,4.0,NULL,NULL),
    ('OS688103','1''3x6''8x1 3/8 SC RED OAK (FJS)',6.0,18.0,8.0,68.0,103.0,8.0,NULL,NULL),
    ('OS688106','1''6x6''8x1 3/8 SC RED OAK (FJS)',6.0,18.0,8.0,68.0,106.0,8.0,NULL,NULL),
    ('OS688200','2''0x6''8x1 3/8 SC RED OAK (FJS)',6.0,18.0,8.0,68.0,200.0,8.0,NULL,NULL),
    ('OS688204','2''4x6''8x1 3/8 SC RED OAK (FJS)',6.0,18.0,8.0,68.0,204.0,8.0,NULL,NULL),
    ('OS688206','2''6x6''8x1 3/8 SC RED OAK (FJS)',6.0,18.0,8.0,68.0,206.0,8.0,NULL,NULL),
    ('OS688208','2''8x6''8x1 3/8 SC RED OAK (FJS)',6.0,18.0,8.0,68.0,208.0,8.0,NULL,NULL),
    ('OS688300','3''0x6''8x1 3/8 SC RED OAK (FJS)',6.0,18.0,8.0,68.0,300.0,8.0,NULL,NULL),
    ('OS704300 20 MIN','3''0x7''0x1 3/4 SC RED OAK 20 MIN.',9.0,18.0,8.0,70.0,700.0,4.0,NULL,NULL),
    ('OS804300 20 MIN','3''0x8''0x1 3/4 SC RED OAK 20 MIN.',6.0,18.0,8.0,80.0,300.0,4.0,NULL,NULL),
    ('PANTRY 1LOAK688200','2''0x6''8x1-3/8 #HOMEGROWN OAK SGM',5.0,17.0,8.0,68.0,200.0,8.0,NULL,NULL),
    ('PANTRY 1LOAK688206','2''6x6''8x1-3/8 #HOMEGROWN OAK SGM',5.0,17.0,8.0,68.0,206.0,8.0,NULL,NULL),
    ('PANTRY 1LPIN688200','2''0x6''8x1-3/8 PANTRY PINE SGM',5.0,19.0,8.0,68.0,200.0,8.0,NULL,NULL),
    ('PANTRY 1LPIN688204','2''4x6''8x1-3/8 PANTRY PINE SGM',5.0,19.0,8.0,68.0,204.0,8.0,NULL,NULL),
    ('PANTRY 1LPIN688206','2''6x6''8x1-3/8 PANTRY PINE SGM',5.0,19.0,8.0,68.0,206.0,8.0,NULL,NULL),
    ('PANTRY 1LPIN688208','2''8x6''8x1-3/8 PANTRY PINE SGM',5.0,19.0,8.0,68.0,208.0,8.0,NULL,NULL),
    ('PANTRY 1LPIN688300','3''0x6''8x1-3/8 PANTRY PINE SGM',5.0,19.0,8.0,68.0,300.0,8.0,NULL,NULL),
    ('PANTRY 1LPIN808200','2''0x8''0x1-3/8 PANTRY PINE',5.0,19.0,8.0,80.0,200.0,8.0,NULL,NULL),
    ('PANTRY REED 1LPIN688200','2''0x6''8x1-3/8 PANTRY REED PINE SGM',5.0,19.0,8.0,68.0,200.0,8.0,NULL,NULL),
    ('PANTRY REED 1LPIN688204','2''4x6''8x1-3/8 PANTRY REED PINE SGM',5.0,19.0,8.0,68.0,204.0,8.0,NULL,NULL),
    ('RAD518DBH808204 SPECIAL','2''4x8''0x1-3/8 RAD 8LT/1PAN/1PAN',6.0,23.0,8.0,80.0,204.0,8.0,NULL,NULL),
    ('RAIN 1LPIN688106','1''6x6''8x1-3/8 1LT RAINGLASS PINE',5.0,19.0,8.0,68.0,106.0,8.0,NULL,NULL),
    ('RAIN 1LPIN688200','2''0x6''8x1 3/8 1LT RAINGLASS PINE',5.0,19.0,8.0,68.0,200.0,8.0,NULL,NULL),
    ('RAIN 1LPIN688204','2''4x6''8x1 3/8 1LT RAINGLASS PINE',5.0,19.0,8.0,68.0,204.0,8.0,NULL,NULL),
    ('RAIN 1LPIN688206','2''6x6''8x1 3/8 1LT RAINGLASS PINE',5.0,19.0,8.0,68.0,206.0,8.0,NULL,NULL),
    ('RAIN 1LPIN688208','2''8x6''8x1 3/8 1LT RAINGLASS PINE',5.0,19.0,8.0,68.0,208.0,8.0,NULL,NULL),
    ('RAIN 1LPIN688300','3''0x6''8x1 3/8 1LT RAINGLASS PINE',5.0,19.0,8.0,68.0,300.0,8.0,NULL,NULL),
    ('RAIN 1LPIN808200','2''0x8''0x1 3/8 1LT RAINGLASS PINE',5.0,19.0,8.0,80.0,200.0,8.0,NULL,NULL),
    ('RAIN 5LHORPIN688206','2''6x6''8x1-3/8 RAD4605 5 LT HOR RAIN',7.0,19.0,8.0,68.0,206.0,8.0,NULL,NULL),
    ('REED 1LPIN688106','1''6x6''8x1 3/8 1LT NARROW REED PINE',5.0,19.0,8.0,68.0,106.0,8.0,NULL,NULL),
    ('REED 1LPIN688200','2''0x6''8x1 3/8 1LT NARROW REED PINE',5.0,19.0,8.0,68.0,200.0,8.0,NULL,NULL),
    ('REED 1LPIN688204','2''4x6''8x1 3/8 1LT NARROW REED PINE',5.0,19.0,8.0,68.0,204.0,8.0,NULL,NULL),
    ('REED 1LPIN688206','2''6x6''8x1 3/8 1LT NARROW REED PINE',5.0,19.0,8.0,68.0,206.0,8.0,NULL,NULL),
    ('REED 1LPIN688208','2''8x6''8x1 3/8 1LT NARROW REED PINE',5.0,19.0,8.0,68.0,208.0,8.0,NULL,NULL),
    ('REED 1LPIN688300','3''0x6''8x1 3/8 1LT NARROW REED PINE',5.0,19.0,8.0,68.0,300.0,8.0,NULL,NULL),
    ('RIVH688103','1''3x6''8x1-3/8" HC RIVERSIDE FBS',6.0,16.0,8.0,68.0,103.0,8.0,NULL,NULL),
    ('RIVH688104','1''4x6''8x1-3/8" HC RIVERSIDE FBS',6.0,16.0,8.0,68.0,104.0,8.0,NULL,NULL),
    ('RIVH688106','1''6x6''8x1-3/8" HC RIVERSIDE FBS',6.0,16.0,8.0,68.0,106.0,8.0,NULL,NULL),
    ('RIVH688200','2''0x6''8x1-3/8" HC RIVERSIDE FBS',6.0,16.0,8.0,68.0,200.0,8.0,NULL,NULL),
    ('RIVH688204','2''4x6''8x1-3/8" HC RIVERSIDE FBS',6.0,16.0,8.0,68.0,204.0,8.0,NULL,NULL),
    ('RIVH688206','2''6x6''8x1-3/8" HC RIVERSIDE FBS',6.0,16.0,8.0,68.0,206.0,8.0,NULL,NULL),
    ('RIVH688208','2''8x6''8x1-3/8" HC RIVERSIDE FBS',6.0,16.0,8.0,68.0,208.0,8.0,NULL,NULL),
    ('RIVH688300','3''0x6''8x1-3/8" HC RIVERSIDE FBS',6.0,16.0,8.0,68.0,300.0,8.0,NULL,NULL),
    ('RIVS684200 20 MIN','2''0x6''8x1-3/4" SC RIVERSIDE',6.0,16.0,8.0,68.0,200.0,4.0,NULL,NULL),
    ('RIVS684204 20 MIN','2''4x6''8x1-3/4" SC RIVERSIDE',6.0,16.0,8.0,68.0,204.0,4.0,NULL,NULL),
    ('RIVS684206 20 MIN','2''6x6''8x1-3/4" SC RIVERSIDE',6.0,16.0,8.0,68.0,206.0,4.0,NULL,NULL),
    ('RIVS684208 20 MIN','2''8x6''8x1-3/4" SC RIVERSIDE',6.0,16.0,8.0,68.0,208.0,4.0,NULL,NULL),
    ('RIVS684300 20 MIN','3''0x6''8x1-3/4" SC RIVERSIDE',6.0,16.0,8.0,68.0,300.0,4.0,NULL,NULL),
    ('RIVS688104','1''4x6''8x1-3/8" SC RIVERSIDE FJS',6.0,16.0,8.0,68.0,104.0,8.0,NULL,NULL),
    ('RIVS688106','1''6x6''8x1-3/8" SC RIVERSIDE FJS',6.0,16.0,8.0,68.0,106.0,8.0,NULL,NULL),
    ('RIVS688200','2''0x6''8x1-3/8" SC RIVERSIDE FJS',6.0,16.0,8.0,68.0,200.0,8.0,NULL,NULL),
    ('RIVS688204','2''4x6''8x1-3/8" SC RIVERSIDE FJS',6.0,16.0,8.0,68.0,204.0,8.0,NULL,NULL),
    ('RIVS688206','2''6x6''8x1-3/8" SC RIVERSIDE FJS',6.0,16.0,8.0,68.0,206.0,8.0,NULL,NULL),
    ('RIVS688208','2''8x6''8x1-3/8" SC RIVERSIDE FJS',6.0,16.0,8.0,68.0,208.0,8.0,NULL,NULL),
    ('RIVS688300','3''0x6''8x1-3/8" SC RIVERSIDE FJS',6.0,16.0,8.0,68.0,300.0,8.0,NULL,NULL),
    ('ROMH688100','1''0x6''8x1-3/8" HC ROMAN FBS',6.0,16.0,8.0,68.0,100.0,8.0,NULL,NULL),
    ('ROMH688103','1''3x6''8x1-3/8" HC ROMAN FBS',6.0,16.0,8.0,68.0,103.0,8.0,NULL,NULL),
    ('ROMH688104','1''4x6''8x1-3/8" HC ROMAN FBS',6.0,16.0,8.0,68.0,104.0,8.0,NULL,NULL),
    ('ROMH688106','1''6x6''8x1-3/8" HC ROMAN FBS',6.0,16.0,8.0,68.0,106.0,8.0,NULL,NULL),
    ('ROMH688200','2''0x6''8x1-3/8" HC ROMAN FBS',6.0,16.0,8.0,68.0,200.0,8.0,NULL,NULL),
    ('ROMH688204','2''4x6''8x1-3/8" HC ROMAN FBS',6.0,16.0,8.0,68.0,204.0,8.0,NULL,NULL),
    ('ROMH688206','2''6x6''8x1-3/8" HC ROMAN FBS',6.0,16.0,8.0,68.0,206.0,8.0,NULL,NULL),
    ('ROMH688208','2''8x6''8x1-3/8" HC ROMAN FBS',6.0,16.0,8.0,68.0,208.0,8.0,NULL,NULL),
    ('ROMH688300','3''0x6''8x1-3/8" HC ROMAN FBS',6.0,16.0,8.0,68.0,300.0,8.0,NULL,NULL),
    ('ROMS684200 20 MIN','2''0x6''8x1-3/4" SC ROMAN FJS 20 MIN.',6.0,16.0,8.0,68.0,200.0,4.0,NULL,NULL),
    ('ROMS684204 20 MIN','2''4x6''8x1-3/4" SC ROMAN FJS 20 MIN.',6.0,16.0,8.0,68.0,204.0,4.0,NULL,NULL),
    ('ROMS684206 20 MIN','2''6x6''8x1-3/4" SC ROMAN FJS 20 MIN.',6.0,16.0,8.0,68.0,206.0,4.0,NULL,NULL),
    ('ROMS684208 20 MIN','2''8x6''8x1-3/4" SC ROMAN FJS 20 MIN.',6.0,16.0,8.0,68.0,208.0,4.0,NULL,NULL),
    ('ROMS684300 20 MIN','3''0x6''8x1-3/4" SC ROMAN FJS 20 MIN.',6.0,16.0,8.0,68.0,300.0,4.0,NULL,NULL),
    ('ROMS688106','1''6x6''8x1-3/8" SC ROMAN FJS',6.0,16.0,8.0,68.0,106.0,8.0,NULL,NULL),
    ('ROMS688200','2''0x6''8x1-3/8" SC ROMAN FJS',6.0,16.0,8.0,68.0,200.0,8.0,NULL,NULL),
    ('ROMS688204','2''4x6''8x1-3/8" SC ROMAN FJS',6.0,16.0,8.0,68.0,204.0,8.0,NULL,NULL),
    ('ROMS688206','2''6x6''8x1-3/8" SC ROMAN FJS',6.0,16.0,8.0,68.0,206.0,8.0,NULL,NULL),
    ('ROMS688208','2''8x6''8x1-3/8" SC ROMAN FJS',6.0,16.0,8.0,68.0,208.0,8.0,NULL,NULL),
    ('ROMS688300','3''0x6''8x1-3/8" SC ROMAN FJS',6.0,16.0,8.0,68.0,300.0,8.0,NULL,NULL),
    ('SEEDY 1LPIN688200','2''0x6''8x1 3/8 1 LITE SEEDY GLASS',5.0,19.0,8.0,68.0,200.0,8.0,NULL,NULL),
    ('VGROOVE 1L1PPINDBH808106','1''6x8''0x1 3/8 6LT V-GROOVE PINE',5.0,19.0,1.0,80.0,106.0,8.0,NULL,NULL),
    ('VGROOVE 1L1PPINDBH808200','2''0x8''0x1-3/8 10LT V-GROOVE PINE',5.0,19.0,1.0,80.0,200.0,8.0,NULL,NULL),
    ('VGROOVE 1LOAK688206','2''6x6''8x1 3/8 15LITE V-GROOVE OAK',5.0,17.0,8.0,68.0,206.0,8.0,NULL,NULL),
    ('VGROOVE 1LPIN688106','1''6x6''8x1 3/8 10LITE V-GROOVE PINE',5.0,19.0,8.0,68.0,106.0,8.0,NULL,NULL),
    ('VGROOVE 1LPIN688200','2''0x6''8x1 3/8 10LT V-GROOVE PINE',5.0,19.0,8.0,68.0,200.0,8.0,NULL,NULL),
    ('VGROOVE 1LPIN688206','2''6x6''8x1 3/8 15LT V-GROOVE PINE',5.0,19.0,8.0,68.0,206.0,8.0,NULL,NULL),
    ('VGROOVE 1LPIN688208','2''8x6''8x1 3/8 15LT V-GROOVE PINE',5.0,19.0,8.0,68.0,208.0,8.0,NULL,NULL),
    ('VGROOVE 1LPIN688300','3''0x6''8x1 3/8 15LT V-GROOVE PINE',5.0,19.0,8.0,68.0,300.0,8.0,NULL,NULL),
    ('VGROOVE 1LPIN808200','2''0x8''0x1-3/8 12LT V-GROOVE PINE',5.0,19.0,8.0,80.0,200.0,8.0,NULL,NULL),
    ('WINH688103','1''3x6''8x1 3/8 HC WINSLOW',6.0,16.0,8.0,68.0,103.0,8.0,NULL,NULL),
    ('WINH688104','1''4x6''8x1 3/8 HC WINSLOW',6.0,16.0,8.0,68.0,104.0,8.0,NULL,NULL),
    ('WINH688106','1''6x6''8x1 3/8 HC WINSLOW',6.0,16.0,8.0,68.0,106.0,8.0,NULL,NULL),
    ('WINH688200','2''0x6''8x1 3/8 HC WINSLOW',6.0,16.0,8.0,68.0,200.0,8.0,NULL,NULL),
    ('WINH688204','2''4x6''8x1 3/8 HC WINSLOW',6.0,16.0,8.0,68.0,204.0,8.0,NULL,NULL),
    ('WINH688206','2''6x6''8x1 3/8 HC WINSLOW',6.0,16.0,8.0,68.0,206.0,8.0,NULL,NULL),
    ('WINH688208','2''8x6''8x1 3/8 HC WINSLOW',6.0,16.0,8.0,68.0,208.0,8.0,NULL,NULL),
    ('WINH688300','3''0x6''8x1 3/8 HC WINSLOW',6.0,16.0,8.0,68.0,300.0,8.0,NULL,NULL),
    ('WINS684200 20 MIN','2''0x6''8x1 3/4 SC WINSLOW 20 MIN',6.0,16.0,8.0,68.0,200.0,4.0,NULL,NULL),
    ('WINS684208 20 MIN','2''8x6''8x1 3/4 SC WINSLOW 20 MIN',6.0,16.0,8.0,68.0,208.0,4.0,NULL,NULL),
    ('WINS684300 20 MIN','3''0x6''8x1 3/4 SC WINSLOW 20 MIN',6.0,16.0,8.0,68.0,300.0,4.0,NULL,NULL),
    ('WINS688200','2''0x6''8x1 3/8 SC WINSLOW',6.0,16.0,8.0,68.0,200.0,8.0,NULL,NULL),
    ('WINS688204','2''4x6''8x1 3/8 SC WINSLOW',6.0,16.0,8.0,68.0,204.0,8.0,NULL,NULL),
    ('WINS688206','2''6x6''8x1 3/8 SC WINSLOW',6.0,16.0,8.0,68.0,206.0,8.0,NULL,NULL),
    ('WINS688208','2''8x6''8x1 3/8 SC WINSLOW',6.0,16.0,8.0,68.0,208.0,8.0,NULL,NULL),
    ('WINS688300','3''0x6''8x1 3/8 SC WINSLOW',6.0,16.0,8.0,68.0,300.0,8.0,NULL,NULL);


CREATE TABLE IF NOT EXISTS DoorLights (
    `LightsID` NUMERIC(2, 1),
    `NumLights` NUMERIC(3, 1)
);
INSERT INTO DoorLights VALUES
    (1.0,10.0),
    (2.0,12.0),
    (3.0,15.0),
    (4.0,18.0),
    (5.0,1.0),
    (6.0,0.0),
    (7.0,5.0),
    (8.0,6.0),
    (9.0,4.0);

CREATE TABLE IF NOT EXISTS DoorTypes (
    `TypeID` NUMERIC(3, 1),
    `TypeName` VARCHAR(3) CHARACTER SET utf8,
    `FilterTag` VARCHAR(4) CHARACTER SET utf8
);
INSERT INTO DoorTypes VALUES
    (1.0,'BFT',NULL),
    (2.0,'BH',NULL),
    (3.0,'BLS',NULL),
    (4.0,'BLT',NULL),
    (5.0,'BMT',NULL),
    (6.0,'BS',NULL),
    (7.0,'DRA',NULL),
    (8.0,'DRF',NULL),
    (9.0,'DRG',NULL),
    (10.0,'DRS',NULL),
    (11.0,'FIR','Fir'),
    (12.0,'HFT',NULL),
    (13.0,'HGS',NULL),
    (14.0,'KAL',NULL),
    (15.0,'MHD',NULL),
    (16.0,'MLD','Mold'),
    (17.0,'OAK','Oak'),
    (18.0,'OS',NULL),
    (19.0,'PIN','Pine'),
    (20.0,'RRD',NULL),
    (21.0,'PRM',NULL),
    (22.0,'OH',NULL),
    (23.0,'RAD',NULL);

