-- SQL Dump of HCI_Proj.accdb
-- generated by MDB Viewer 2.2.7
-- optimized for MySQL

SET NAMES 'UTF8';



DROP TABLE IF EXISTS `DoorPanels`;

CREATE TABLE `DoorPanels` (
    `PanelID` VARCHAR(255) PRIMARY KEY,
    `NumPanels` VARCHAR(255),
    `FlushID` VARCHAR(255),
    `FilterTag` INTEGER
) CHARACTER SET 'UTF8';

INSERT INTO `DoorPanels`(`PanelID`,`NumPanels`,`FlushID`,`FilterTag`)
VALUES('0000','2',NULL,1),
      ('0001','2','0000',2),
      ('0002','4','0001',3),
      ('0003','6',NULL,4),
      ('0004','4','0002',5),
      ('0005','7','0000',6);



DROP TABLE IF EXISTS `DoorPanels_FilterTag`;

CREATE TABLE `DoorPanels_FilterTag` (
    `_FilterTag` INTEGER,
    `DoorPanels_FilterTag` INTEGER PRIMARY KEY,
    `Value` VARCHAR(255)
) CHARACTER SET 'UTF8';




DROP TABLE IF EXISTS `Doors`;

CREATE TABLE `Doors` (
    `ExteriorInterior` VARCHAR(255),
    `SizeID` VARCHAR(255),
    `TypeID` VARCHAR(255),
    `PanelID` VARCHAR(255),
    `DoorID` VARCHAR(255) PRIMARY KEY,
    `FilterTags` INTEGER
) CHARACTER SET 'UTF8';

INSERT INTO `Doors`(`ExteriorInterior`,`SizeID`,`TypeID`,`PanelID`,`DoorID`,`FilterTags`)
VALUES('Interior','0000','0001','0000','0000',1),
      ('Exterior','0001','0000','0001','0001',2),
      ('Exterior','0005','0002','0002','0002',3),
      ('Interior','0002','0003','0000','0003',4),
      ('Exterior','0003','0000','0003','0004',5),
      ('Interior','0002','0002','0001','0005',6),
      ('Interior','0004','0003','0004','0006',7),
      ('Exterior','0004','0001','0000','0007',8),
      ('Exterior','0002','0001','0003','0008',9),
      ('Exterior','0004','0000','0004','0009',10),
      ('Exterior','0002','0003','0003','0010',11),
      ('Interior','0005','0000','0000','0011',12),
      ('Exterior','0005','0004','0000','0012',13),
      ('Interior','0000','0002','0005','0013',14),
      ('Interior','0006','0003','0001','0014',15),
      ('Interior','0004','0002','0000','0015',16),
      ('Interior','0007','0005','0003','0016',17);



DROP TABLE IF EXISTS `Doors_FilterTags`;

CREATE TABLE `Doors_FilterTags` (
    `_FilterTags` INTEGER,
    `Doors_FilterTags` INTEGER PRIMARY KEY,
    `Value` VARCHAR(255)
) CHARACTER SET 'UTF8';




DROP TABLE IF EXISTS `DoorSizes`;

CREATE TABLE `DoorSizes` (
    `SizeID` VARCHAR(255) PRIMARY KEY,
    `Length` INTEGER,
    `Width` INTEGER,
    `Height` INTEGER,
    `FilterTag` INTEGER
) CHARACTER SET 'UTF8';

INSERT INTO `DoorSizes`(`SizeID`,`Length`,`Width`,`Height`,`FilterTag`)
VALUES('0000',20,2,45,1),
      ('0001',18,2,60,2),
      ('0002',30,1,50,3),
      ('0003',25,1,48,4),
      ('0004',29,3,55,5),
      ('0005',19,2,57,6),
      ('0006',26,2,50,7),
      ('0007',25,1,57,8);



DROP TABLE IF EXISTS `DoorSizes_FilterTag`;

CREATE TABLE `DoorSizes_FilterTag` (
    `_FilterTag` INTEGER,
    `DoorSizes_FilterTag` INTEGER PRIMARY KEY,
    `Value` VARCHAR(255)
) CHARACTER SET 'UTF8';




DROP TABLE IF EXISTS `DoorTypes`;

CREATE TABLE `DoorTypes` (
    `TypeID` VARCHAR(255) PRIMARY KEY,
    `TypeName` VARCHAR(255),
    `FilterTag` INTEGER
) CHARACTER SET 'UTF8';

INSERT INTO `DoorTypes`(`TypeID`,`TypeName`,`FilterTag`)
VALUES('0000','Type1',1),
      ('0001','Type2',2),
      ('0002','Type3',3),
      ('0003','Type4',4),
      ('0004','Type5',5),
      ('0005','Type6',6);



DROP TABLE IF EXISTS `DoorTypes_FilterTag`;

CREATE TABLE `DoorTypes_FilterTag` (
    `_FilterTag` INTEGER,
    `DoorTypes_FilterTag` INTEGER PRIMARY KEY,
    `Value` VARCHAR(255)
) CHARACTER SET 'UTF8';




DROP TABLE IF EXISTS `Frames`;

CREATE TABLE `Frames` (
    `FrameID` INTEGER PRIMARY KEY,
    `Frame saver` BOOLEAN,
    `Type wood` INTEGER,
    `Filter tag` INTEGER,
    `Length` INTEGER,
    `Width` INTEGER,
    `Height` INTEGER
) CHARACTER SET 'UTF8';




DROP TABLE IF EXISTS `Frames_Filter tag`;

CREATE TABLE `Frames_Filter tag` (
    `_Filter tag` INTEGER,
    `Frames_Filter tag` INTEGER PRIMARY KEY,
    `Value` VARCHAR(255)
) CHARACTER SET 'UTF8';




DROP TABLE IF EXISTS `Frames_Type wood`;

CREATE TABLE `Frames_Type wood` (
    `_Type wood` INTEGER,
    `Frames_Type wood` INTEGER PRIMARY KEY,
    `Value` VARCHAR(255)
) CHARACTER SET 'UTF8';




DROP TABLE IF EXISTS `GlassPanes`;

CREATE TABLE `GlassPanes` (
    `GlassID` VARCHAR(255) PRIMARY KEY,
    `NumPanes` VARCHAR(255),
    `PanesType` VARCHAR(255),
    `FilterTag` INTEGER
) CHARACTER SET 'UTF8';

INSERT INTO `GlassPanes`(`GlassID`,`NumPanes`,`PanesType`,`FilterTag`)
VALUES('0000','4','Glass',1);



DROP TABLE IF EXISTS `GlassPanes_FilterTag`;

CREATE TABLE `GlassPanes_FilterTag` (
    `_FilterTag` INTEGER,
    `GlassPanes_FilterTag` INTEGER PRIMARY KEY,
    `Value` VARCHAR(255)
) CHARACTER SET 'UTF8';




DROP TABLE IF EXISTS `Hardware`;

CREATE TABLE `Hardware` (
    `HardwareID` INTEGER PRIMARY KEY,
    `Screw` BOOLEAN,
    `Hinges` INTEGER,
    `Decorative` INTEGER,
    `DoorHandle Constructive` BOOLEAN,
    `DoorHandle Type` INTEGER,
    `Filter tag` INTEGER
) CHARACTER SET 'UTF8';




DROP TABLE IF EXISTS `Hardware_Decorative`;

CREATE TABLE `Hardware_Decorative` (
    `_Decorative` INTEGER,
    `Hardware_Decorative` INTEGER PRIMARY KEY,
    `Value` VARCHAR(255)
) CHARACTER SET 'UTF8';




DROP TABLE IF EXISTS `Hardware_DoorHandle Type`;

CREATE TABLE `Hardware_DoorHandle Type` (
    `_DoorHandle Type` INTEGER,
    `Hardware_DoorHandle Type` INTEGER PRIMARY KEY,
    `Value` VARCHAR(255)
) CHARACTER SET 'UTF8';




DROP TABLE IF EXISTS `Hardware_Filter tag`;

CREATE TABLE `Hardware_Filter tag` (
    `_Filter tag` INTEGER,
    `Hardware_Filter tag` INTEGER PRIMARY KEY,
    `Value` VARCHAR(255)
) CHARACTER SET 'UTF8';




DROP TABLE IF EXISTS `Hardware_Hinges`;

CREATE TABLE `Hardware_Hinges` (
    `_Hinges` INTEGER,
    `Hardware_Hinges` INTEGER PRIMARY KEY,
    `Value` VARCHAR(255)
) CHARACTER SET 'UTF8';




DROP TABLE IF EXISTS `Inserts`;

CREATE TABLE `Inserts` (
    `InsertID` INTEGER PRIMARY KEY,
    `Length` INTEGER,
    `Width` INTEGER,
    `Low e` BOOLEAN,
    `Decorative` BOOLEAN,
    `Num lights` INTEGER,
    `Filter tag` INTEGER
) CHARACTER SET 'UTF8';




DROP TABLE IF EXISTS `Inserts_Filter tag`;

CREATE TABLE `Inserts_Filter tag` (
    `_Filter tag` INTEGER,
    `Inserts_Filter tag` INTEGER PRIMARY KEY,
    `Value` VARCHAR(255)
) CHARACTER SET 'UTF8';




DROP TABLE IF EXISTS `PaneFlush`;

CREATE TABLE `PaneFlush` (
    `FlushID` VARCHAR(255) PRIMARY KEY,
    `SolidHollow` VARCHAR(255),
    `BirchOak` VARCHAR(255),
    `FilterTag` INTEGER
) CHARACTER SET 'UTF8';

INSERT INTO `PaneFlush`(`FlushID`,`SolidHollow`,`BirchOak`,`FilterTag`)
VALUES('0001','Hollow','Oak',1),
      ('0002','Hollow','Birch',2),
      ('0000','Solid','Birch',3);



DROP TABLE IF EXISTS `PaneFlush_FilterTag`;

CREATE TABLE `PaneFlush_FilterTag` (
    `_FilterTag` INTEGER,
    `PaneFlush_FilterTag` INTEGER PRIMARY KEY,
    `Value` VARCHAR(255)
) CHARACTER SET 'UTF8';




DROP TABLE IF EXISTS `Paste Errors`;

CREATE TABLE `Paste Errors` (
    `Field0` LONGTEXT
) CHARACTER SET 'UTF8';

INSERT INTO `Paste Errors`(`Field0`)
VALUES(NULL);



DROP TABLE IF EXISTS `TypeGlass`;

CREATE TABLE `TypeGlass` (
    `TypeName` VARCHAR(255) PRIMARY KEY,
    `GlassID` VARCHAR(255),
    `FilterTag` INTEGER
) CHARACTER SET 'UTF8';

INSERT INTO `TypeGlass`(`TypeName`,`GlassID`,`FilterTag`)
VALUES('Type1','0000',1);



DROP TABLE IF EXISTS `TypeGlass_FilterTag`;

CREATE TABLE `TypeGlass_FilterTag` (
    `_FilterTag` INTEGER,
    `TypeGlass_FilterTag` INTEGER PRIMARY KEY,
    `Value` VARCHAR(255)
) CHARACTER SET 'UTF8';




DROP TABLE IF EXISTS `Users`;

CREATE TABLE `Users` (
    `ID` INTEGER PRIMARY KEY,
    `Username` VARCHAR(255),
    `Passsword` VARCHAR(255)
) CHARACTER SET 'UTF8';



